date,strategy,cryptoEw,spy,strategyDrawdown
2021-01-02,1.0,1.1044,1.0069,0.0
2021-01-03,1.0,1.1985,1.0069,0.0
2021-01-04,1.0,1.2347,1.0069,0.0
2021-01-05,1.0,1.285,1.0069,0.0
2021-01-06,1.0,1.3933,1.0129,0.0
2021-01-07,1.0,1.4403,1.028,0.0
2021-01-08,1.0,1.5271,1.0338,0.0
2021-01-09,1.0,1.6347,1.0338,0.0
2021-01-10,1.0,1.5646,1.0338,0.0
2021-01-11,1.0,1.4191,1.0268,0.0
2021-01-12,1.0,1.4454,1.0271,0.0
2021-01-13,1.0,1.5864,1.0298,0.0
2021-01-14,1.0,1.6957,1.0262,0.0
2021-01-15,1.0,1.6747,1.0187,0.0
2021-01-16,1.0,1.847,1.0187,0.0
2021-01-17,1.0,1.9032,1.0187,0.0
2021-01-18,1.0,1.8905,1.0187,0.0
2021-01-19,1.0,1.8659,1.0267,0.0
2021-01-20,1.0,1.9075,1.0409,0.0
2021-01-21,1.0,1.6531,1.0419,0.0
2021-01-22,1.0,1.8034,1.0382,0.0
2021-01-23,1.0,1.8478,1.0382,0.0
2021-01-24,1.0,1.8813,1.0382,0.0
2021-01-25,1.0,1.8388,1.0423,0.0
2021-01-26,1.0,1.8531,1.0407,0.0
2021-01-27,1.0,1.7133,1.0152,0.0
2021-01-28,1.0,2.4342,1.024,0.0
2021-01-29,1.0,2.551,1.0035,0.0
2021-01-30,1.0,2.6497,1.0035,0.0
2021-01-31,1.0,2.7482,1.0035,0.0
2021-02-01,1.0,2.7933,1.0202,0.0
2021-02-02,1.0,2.8964,1.0346,0.0
2021-02-03,1.0,3.1549,1.0354,0.0
2021-02-04,1.0,3.3679,1.0472,0.0
2021-02-05,0.999,3.6288,1.0513,-0.001
2021-02-06,0.9911,3.7347,1.0513,-0.0089
2021-02-07,1.1812,3.9868,1.0513,0.0
2021-02-08,1.2045,4.446,1.0589,0.0
2021-02-09,1.1056,4.6539,1.0582,-0.0821
2021-02-10,1.4145,5.3466,1.0577,0.0
2021-02-11,1.3156,5.3593,1.0594,-0.0699
2021-02-12,1.3225,5.6571,1.0647,-0.0651
2021-02-13,1.2708,5.569,1.0647,-0.1016
2021-02-14,1.1929,5.4014,1.0647,-0.1567
2021-02-15,1.1853,5.2777,1.0647,-0.1621
2021-02-16,1.1475,5.2207,1.0637,-0.1888
2021-02-17,1.1188,5.4388,1.064,-0.2091
2021-02-18,1.1802,5.784,1.0595,-0.1657
2021-02-19,1.5,6.4804,1.0576,0.0
2021-02-20,1.355,6.3379,1.0576,-0.0967
2021-02-21,1.4326,6.5727,1.0576,-0.045
2021-02-22,1.4217,6.4696,1.0495,-0.0522
2021-02-23,1.4035,5.7309,1.0507,-0.0644
2021-02-24,1.4648,6.1549,1.0623,-0.0235
2021-02-25,1.4548,5.6024,1.0367,-0.0302
2021-02-26,1.4258,5.6226,1.0314,-0.0495
2021-02-27,1.4167,5.7242,1.0314,-0.0555
2021-02-28,1.4024,5.5131,1.0314,-0.0651
2021-03-01,1.4518,6.0697,1.0564,-0.0321
2021-03-02,1.4244,5.924,1.0481,-0.0505
2021-03-03,1.3906,6.0601,1.0342,-0.073
2021-03-04,1.3953,5.8368,1.0214,-0.0698
2021-03-05,1.413,5.7404,1.0402,-0.058
2021-03-06,1.3635,5.826,1.0402,-0.091
2021-03-07,1.3586,6.045,1.0402,-0.0943
2021-03-08,1.2954,6.2362,1.0351,-0.1364
2021-03-09,1.3696,6.7599,1.0498,-0.087
2021-03-10,1.3645,6.4662,1.0564,-0.0903
2021-03-11,1.3623,6.5928,1.0671,-0.0918
2021-03-12,1.3117,6.2648,1.0685,-0.1256
2021-03-13,1.2916,6.6839,1.0685,-0.139
2021-03-14,1.2921,6.4093,1.0685,-0.1386
2021-03-15,1.285,6.2052,1.0749,-0.1434
2021-03-16,1.2448,6.4978,1.0735,-0.1702
2021-03-17,1.2697,6.7361,1.0772,-0.1535
2021-03-18,1.2635,6.5881,1.0615,-0.1577
2021-03-19,1.2361,6.8018,1.0596,-0.176
2021-03-20,1.2092,6.7564,1.0596,-0.1939
2021-03-21,1.2273,6.656,1.0596,-0.1818
2021-03-22,1.2343,6.4224,1.068,-0.1772
2021-03-23,1.217,6.3392,1.0596,-0.1887
2021-03-24,1.2643,5.946,1.0542,-0.1571
2021-03-25,1.2081,5.9231,1.0602,-0.1946
2021-03-26,1.1938,6.433,1.0772,-0.2042
2021-03-27,1.1545,6.4884,1.0772,-0.2303
2021-03-28,1.141,6.5518,1.0772,-0.2394
2021-03-29,1.1209,6.7917,1.0767,-0.2528
2021-03-30,1.121,6.9152,1.0738,-0.2527
2021-03-31,1.089,6.9988,1.0782,-0.2741
2021-04-01,1.0896,7.2241,1.0898,-0.2736
2021-04-02,1.0717,7.4641,1.0898,-0.2856
2021-04-03,1.0989,7.3183,1.0898,-0.2674
2021-04-04,1.1152,7.6872,1.0898,-0.2566
2021-04-05,1.1019,8.174,1.1055,-0.2654
2021-04-06,1.1603,8.5912,1.1048,-0.2265
2021-04-07,1.2036,8.0013,1.1061,-0.1977
2021-04-08,1.2187,8.4831,1.1114,-0.1876
2021-04-09,1.2179,8.5179,1.1194,-0.1881
2021-04-10,1.2773,8.9409,1.1194,-0.1485
2021-04-11,1.2799,9.3164,1.1194,-0.1467
2021-04-12,1.272,9.5385,1.1198,-0.152
2021-04-13,1.2875,10.2595,1.1232,-0.1417
2021-04-14,1.2253,10.9549,1.1193,-0.1831
2021-04-15,1.24,11.5813,1.1314,-0.1734
2021-04-16,1.5251,12.202,1.1351,0.0
2021-04-17,1.4589,11.7877,1.1351,-0.0434
2021-04-18,1.5382,11.4804,1.1351,0.0
2021-04-19,1.6435,11.3481,1.1296,0.0
2021-04-20,1.561,11.6789,1.1213,-0.0502
2021-04-21,1.5582,11.2261,1.1319,-0.0519
2021-04-22,1.4981,10.848,1.1216,-0.0885
2021-04-23,1.4726,10.7182,1.1337,-0.104
2021-04-24,1.5729,10.299,1.1337,-0.043
2021-04-25,1.6681,10.4427,1.1337,0.0
2021-04-26,1.5192,11.6809,1.1361,-0.0893
2021-04-27,1.4882,12.0806,1.1358,-0.1079
2021-04-28,1.5415,12.3416,1.1355,-0.0759
2021-04-29,1.5155,12.3379,1.1428,-0.0915
2021-04-30,1.5262,13.1458,1.1352,-0.0851
2021-05-01,1.5977,13.7614,1.1352,-0.0422
2021-05-02,1.574,13.42,1.1352,-0.0564
2021-05-03,1.5811,14.3108,1.1377,-0.0521
2021-05-04,1.671,13.7928,1.1307,0.0
2021-05-05,1.7352,15.4682,1.131,0.0
2021-05-06,1.6821,15.4082,1.1401,-0.0306
2021-05-07,1.7201,15.6753,1.1484,-0.0087
2021-05-08,1.7273,15.8677,1.1484,-0.0045
2021-05-09,1.6873,15.9796,1.1484,-0.0276
2021-05-10,1.6729,14.694,1.137,-0.0359
2021-05-11,1.6921,15.5442,1.1268,-0.0248
2021-05-12,1.721,13.5185,1.1029,-0.0082
2021-05-13,1.6938,14.6753,1.1161,-0.0239
2021-05-14,1.7707,15.7661,1.1333,0.0
2021-05-15,1.6986,15.0762,1.1333,-0.0407
2021-05-16,1.7009,15.2884,1.1333,-0.0394
2021-05-17,1.6619,14.3025,1.1304,-0.0614
2021-05-18,1.6699,15.0367,1.1207,-0.0569
2021-05-19,1.6038,10.3473,1.1177,-0.0942
2021-05-20,1.6362,11.9875,1.1297,-0.076
2021-05-21,1.618,10.3384,1.1288,-0.0862
2021-05-22,1.5425,9.4558,1.1288,-0.1289
2021-05-23,1.4984,8.2361,1.1288,-0.1538
2021-05-24,1.517,10.2015,1.1403,-0.1433
2021-05-25,1.5085,10.1079,1.1378,-0.1481
2021-05-26,1.5914,11.1386,1.1401,-0.1012
2021-05-27,1.559,10.5253,1.1407,-0.1195
2021-05-28,1.5855,9.4951,1.1427,-0.1046
2021-05-29,1.5899,8.9325,1.1427,-0.1021
2021-05-30,1.6064,9.3921,1.1427,-0.0928
2021-05-31,1.607,10.5113,1.1427,-0.0924
2021-06-01,1.6494,10.4344,1.1417,-0.0685
2021-06-02,1.6391,11.0697,1.1435,-0.0743
2021-06-03,1.5822,11.6418,1.1392,-0.1065
2021-06-04,1.605,10.7898,1.1497,-0.0936
2021-06-05,1.6355,10.5148,1.1497,-0.0763
2021-06-06,1.6592,10.718,1.1497,-0.063
2021-06-07,1.6755,9.765,1.1485,-0.0538
2021-06-08,1.7362,9.7808,1.1488,-0.0195
2021-06-09,1.7102,10.2754,1.1471,-0.0342
2021-06-10,1.7352,9.748,1.1524,-0.02
2021-06-11,1.71,9.2828,1.1543,-0.0343
2021-06-12,1.7204,9.2491,1.1543,-0.0284
2021-06-13,1.6978,9.8681,1.1543,-0.0412
2021-06-14,1.6878,9.9979,1.1569,-0.0468
2021-06-15,1.6759,10.3296,1.1548,-0.0536
2021-06-16,1.7073,9.5925,1.1483,-0.0358
2021-06-17,1.6718,9.646,1.1479,-0.0559
2021-06-18,1.6801,9.0745,1.1325,-0.0512
2021-06-19,1.6966,8.8485,1.1325,-0.0419
2021-06-20,1.6827,9.0148,1.1325,-0.0497
2021-06-21,1.7407,7.1151,1.1487,-0.017
2021-06-22,1.8215,6.947,1.1548,0.0
2021-06-23,1.7746,7.6807,1.1534,-0.0258
2021-06-24,1.7737,8.0394,1.1602,-0.0263
2021-06-25,1.7836,7.3009,1.1644,-0.0208
2021-06-26,1.8029,7.3593,1.1644,-0.0102
2021-06-27,1.8199,7.8393,1.1644,-0.0009
2021-06-28,1.8124,7.9462,1.1667,-0.005
2021-06-29,1.7831,8.273,1.1673,-0.0211
2021-06-30,1.778,8.3513,1.1683,-0.0239
2021-07-01,1.7904,7.8907,1.1748,-0.0171
2021-07-02,1.805,7.9529,1.1838,-0.0091
2021-07-03,1.8006,8.1188,1.1838,-0.0115
2021-07-04,1.7574,8.362,1.1838,-0.0352
2021-07-05,1.7522,8.0031,1.1838,-0.0381
2021-07-06,1.6837,8.3824,1.1816,-0.0757
2021-07-07,1.7155,8.3877,1.1858,-0.0582
2021-07-08,1.7304,7.8344,1.1761,-0.0501
2021-07-09,1.7159,8.0111,1.1887,-0.058
2021-07-10,1.7334,7.8404,1.1887,-0.0484
2021-07-11,1.7413,7.9611,1.1887,-0.044
2021-07-12,1.7523,7.7139,1.1929,-0.038
2021-07-13,1.7738,7.4503,1.1889,-0.0262
2021-07-14,1.7953,7.4952,1.1907,-0.0144
2021-07-15,1.8383,7.165,1.1866,0.0
2021-07-16,1.8856,6.8736,1.1773,0.0
2021-07-17,1.8424,6.953,1.1773,-0.0229
2021-07-18,1.8401,6.976,1.1773,-0.0241
2021-07-19,1.867,6.5591,1.1599,-0.0099
2021-07-20,1.8555,6.2917,1.1765,-0.016
2021-07-21,1.8282,6.9431,1.186,-0.0305
2021-07-22,1.7937,7.144,1.1885,-0.0487
2021-07-23,1.793,7.3371,1.2008,-0.0491
2021-07-24,1.7791,7.4492,1.2008,-0.0565
2021-07-25,1.7786,7.4567,1.2008,-0.0567
2021-07-26,1.7514,7.677,1.2037,-0.0711
2021-07-27,1.7297,7.9112,1.1982,-0.0827
2021-07-28,1.7876,8.0276,1.1977,-0.0519
2021-07-29,1.7775,8.2506,1.2027,-0.0573
2021-07-30,1.7922,8.6072,1.1968,-0.0495
2021-07-31,1.7441,8.8776,1.1968,-0.075
2021-08-01,1.7629,8.755,1.1968,-0.0651
2021-08-02,1.7733,8.7729,1.1943,-0.0596
2021-08-03,1.7544,8.6336,1.2041,-0.0696
2021-08-04,1.7746,9.0582,1.1981,-0.0588
2021-08-05,1.7877,9.1771,1.2057,-0.0519
2021-08-06,1.7809,9.4611,1.2077,-0.0555
2021-08-07,1.7094,10.1389,1.2077,-0.0934
2021-08-08,1.7065,9.6483,1.2077,-0.095
2021-08-09,1.7082,10.1599,1.2067,-0.094
2021-08-10,1.6444,10.433,1.2082,-0.1279
2021-08-11,1.6221,10.9506,1.2112,-0.1397
2021-08-12,1.5858,10.7173,1.2149,-0.159
2021-08-13,1.612,11.7991,1.2171,-0.1451
2021-08-14,1.6602,11.9828,1.2171,-0.1195
2021-08-15,1.6136,12.5662,1.2171,-0.1443
2021-08-16,1.5797,12.5766,1.2199,-0.1622
2021-08-17,1.5706,12.3469,1.2119,-0.167
2021-08-18,1.5867,13.0142,1.1987,-0.1585
2021-08-19,1.5821,13.8568,1.2005,-0.1609
2021-08-20,1.6774,14.8208,1.2101,-0.1104
2021-08-21,1.7085,14.6668,1.2101,-0.0939
2021-08-22,1.6968,14.8335,1.2101,-0.1001
2021-08-23,1.6907,15.3873,1.2207,-0.1034
2021-08-24,1.7819,14.6809,1.2227,-0.055
2021-08-25,1.6751,14.7888,1.2252,-0.1116
2021-08-26,1.69,13.941,1.218,-0.1037
2021-08-27,1.8014,15.3984,1.2289,-0.0446
2021-08-28,1.8597,15.3053,1.2289,-0.0137
2021-08-29,1.8263,15.1243,1.2289,-0.0314
2021-08-30,1.9006,14.8669,1.2343,0.0
2021-08-31,1.8457,15.4764,1.2325,-0.0289
2021-09-01,1.8224,16.3898,1.2331,-0.0411
2021-09-02,1.9484,16.8846,1.2369,0.0
2021-09-03,1.9988,17.3652,1.2366,0.0
2021-09-04,1.9911,17.1072,1.2366,-0.0038
2021-09-05,1.9446,17.8066,1.2366,-0.0271
2021-09-06,2.0022,18.1298,1.2366,0.0
2021-09-07,2.0948,15.5744,1.2322,0.0
2021-09-08,2.177,15.6219,1.2307,0.0
2021-09-09,2.1943,15.9086,1.2254,0.0
2021-09-10,2.2979,15.6073,1.2158,0.0
2021-09-11,2.3612,16.2774,1.2158,0.0
2021-09-12,2.3309,16.8887,1.2158,-0.0128
2021-09-13,2.3037,15.9995,1.2189,-0.0243
2021-09-14,2.2015,16.479,1.2123,-0.0676
2021-09-15,2.2298,16.9981,1.2224,-0.0556
2021-09-16,2.2955,16.9366,1.2205,-0.0278
2021-09-17,2.304,16.4105,1.2086,-0.0242
2021-09-18,2.3941,16.8735,1.2086,0.0
2021-09-19,2.3637,16.3627,1.2086,-0.0127
2021-09-20,2.3196,14.2504,1.1884,-0.0311
2021-09-21,2.3353,13.6193,1.1873,-0.0246
2021-09-22,2.4359,15.6414,1.1989,0.0
2021-09-23,2.4604,16.0111,1.2135,0.0
2021-09-24,2.4706,15.0114,1.2155,0.0
2021-09-25,2.4371,14.8947,1.2155,-0.0136
2021-09-26,2.4436,14.7919,1.2155,-0.0109
2021-09-27,2.4743,14.4037,1.212,0.0
2021-09-28,2.4237,13.8525,1.1876,-0.0204
2021-09-29,2.4045,14.3533,1.1896,-0.0282
2021-09-30,2.395,14.9155,1.175,-0.032
2021-10-01,2.4024,16.2838,1.189,-0.029
2021-10-02,2.4583,16.4596,1.189,-0.0064
2021-10-03,2.4609,16.6041,1.189,-0.0054
2021-10-04,2.3742,16.4181,1.1737,-0.0405
2021-10-05,2.3203,16.8309,1.1859,-0.0622
2021-10-06,2.2432,16.7518,1.1908,-0.0934
2021-10-07,2.2654,16.8025,1.2011,-0.0844
2021-10-08,2.2419,16.6573,1.1989,-0.0939
2021-10-09,2.2952,17.0869,1.1989,-0.0724
2021-10-10,2.2761,16.3366,1.1989,-0.0801
2021-10-11,2.2767,16.3913,1.1902,-0.0798
2021-10-12,2.2784,16.3829,1.1873,-0.0792
2021-10-13,2.3944,17.0561,1.1916,-0.0323
2021-10-14,2.3903,17.2131,1.2116,-0.0339
2021-10-15,2.4184,17.7147,1.2208,-0.0226
2021-10-16,2.408,17.583,1.2208,-0.0268
2021-10-17,2.4404,17.5024,1.2208,-0.0137
2021-10-18,2.4879,17.4168,1.2244,0.0
2021-10-19,2.5167,17.5934,1.2339,0.0
2021-10-20,2.4948,18.551,1.2387,-0.0087
2021-10-21,2.4223,18.2763,1.242,-0.0375
2021-10-22,2.4098,18.4831,1.2407,-0.0425
2021-10-23,2.4175,18.9225,1.2407,-0.0394
2021-10-24,2.4319,18.8131,1.2407,-0.0337
2021-10-25,2.4401,19.4147,1.2473,-0.0304
2021-10-26,2.422,19.1146,1.2485,-0.0376
2021-10-27,2.4419,17.5546,1.2429,-0.0297
2021-10-28,2.4495,18.9242,1.2549,-0.0267
2021-10-29,2.4846,19.3652,1.2575,-0.0128
2021-10-30,2.4932,18.8828,1.2575,-0.0093
2021-10-31,2.468,19.1154,1.2575,-0.0193
2021-11-01,2.5579,19.5707,1.2596,0.0
2021-11-02,2.5918,20.2242,1.2647,0.0
2021-11-03,2.5152,20.9704,1.2724,-0.0295
2021-11-04,2.5084,20.8157,1.2784,-0.0321
2021-11-05,2.4569,20.7093,1.2829,-0.052
2021-11-06,2.5117,21.1103,1.2829,-0.0309
2021-11-07,2.4777,21.6329,1.2829,-0.044
2021-11-08,2.4192,22.4962,1.284,-0.0666
2021-11-09,2.3223,22.1211,1.2797,-0.104
2021-11-10,2.3507,21.246,1.2694,-0.093
2021-11-11,2.3591,21.5504,1.2698,-0.0898
2021-11-12,2.3449,21.1276,1.2794,-0.0952
2021-11-13,2.464,21.7216,1.2794,-0.0493
2021-11-14,2.449,21.6133,1.2794,-0.0551
2021-11-15,2.451,21.1055,1.2799,-0.0543
2021-11-16,2.5191,19.8167,1.2849,-0.028
2021-11-17,2.5803,20.107,1.2818,-0.0044
2021-11-18,2.5292,18.6589,1.2862,-0.0241
2021-11-19,2.6271,19.9144,1.2839,0.0
2021-11-20,2.6765,20.4792,1.2839,0.0
2021-11-21,2.7705,20.3207,1.2839,0.0
2021-11-22,2.8069,19.5585,1.2803,0.0
2021-11-23,2.7645,19.9054,1.2819,-0.0151
2021-11-24,2.7626,19.3809,1.2854,-0.0158
2021-11-25,2.7469,19.3086,1.2854,-0.0214
2021-11-26,2.7427,17.7435,1.2567,-0.0229
2021-11-27,2.8001,18.177,1.2567,-0.0024
2021-11-28,2.7594,18.6054,1.2567,-0.0169
2021-11-29,2.8173,19.1369,1.2721,0.0
2021-11-30,2.8296,19.2457,1.2474,0.0
2021-12-01,2.8369,19.3066,1.2335,0.0
2021-12-02,2.7054,19.1263,1.2524,-0.0463
2021-12-03,2.7441,18.0729,1.2415,-0.0327
2021-12-04,2.802,16.533,1.2415,-0.0123
2021-12-05,2.8123,16.015,1.2415,-0.0087
2021-12-06,2.8936,16.5273,1.2562,0.0
2021-12-07,2.7577,16.5475,1.2822,-0.047
2021-12-08,2.7733,16.9983,1.2856,-0.0416
2021-12-09,2.8257,15.838,1.2769,-0.0235
2021-12-10,2.8257,15.0694,1.2889,-0.0235
2021-12-11,2.7564,15.8544,1.2889,-0.0474
2021-12-12,2.7384,16.1097,1.2889,-0.0536
2021-12-13,2.7563,14.6079,1.2775,-0.0475
2021-12-14,2.7851,14.9217,1.2687,-0.0375
2021-12-15,2.8359,16.0817,1.2885,-0.02
2021-12-16,2.8652,15.5808,1.2772,-0.0098
2021-12-17,2.964,15.4827,1.2636,0.0
2021-12-18,2.9343,15.9656,1.2636,-0.01
2021-12-19,2.9332,15.6879,1.2636,-0.0104
2021-12-20,2.9902,15.7053,1.2502,0.0
2021-12-21,2.993,16.366,1.2724,0.0
2021-12-22,2.8747,16.5129,1.2851,-0.0395
2021-12-23,2.7959,17.5141,1.2931,-0.0659
2021-12-24,2.7692,17.048,1.2931,-0.0748
2021-12-25,2.748,17.3266,1.2931,-0.0819
2021-12-26,2.6922,17.5841,1.2931,-0.1005
2021-12-27,2.6966,17.5991,1.3114,-0.099
2021-12-28,2.7312,16.2776,1.3103,-0.0875
2021-12-29,2.7249,15.6406,1.312,-0.0896
2021-12-30,2.7073,15.9011,1.3084,-0.0955
2021-12-31,2.7541,15.7669,1.3051,-0.0798
2022-01-01,2.7341,16.3809,1.3051,-0.0865
2022-01-02,2.6638,16.5648,1.3051,-0.11
2022-01-03,2.5483,16.3074,1.3126,-0.1486
2022-01-04,2.548,16.0747,1.3122,-0.1487
2022-01-05,2.4748,15.3208,1.287,-0.1731
2022-01-06,2.4865,15.2256,1.2858,-0.1692
2022-01-07,2.5379,14.4744,1.2807,-0.1521
2022-01-08,2.5066,14.2318,1.2807,-0.1625
2022-01-09,2.5868,14.5075,1.2807,-0.1357
2022-01-10,2.5969,14.1049,1.2791,-0.1323
2022-01-11,2.5521,14.7355,1.2907,-0.1473
2022-01-12,2.5249,15.5287,1.2942,-0.1564
2022-01-13,2.4846,14.9822,1.2764,-0.1699
2022-01-14,2.4948,15.4385,1.2769,-0.1664
2022-01-15,2.4953,15.5385,1.2769,-0.1663
2022-01-16,2.4943,15.6153,1.2769,-0.1666
2022-01-17,2.4518,15.1793,1.2769,-0.1808
2022-01-18,2.4299,14.8752,1.2543,-0.1881
2022-01-19,2.3929,14.3495,1.2413,-0.2005
2022-01-20,2.3571,13.6842,1.2275,-0.2124
2022-01-21,2.3765,11.9686,1.2034,-0.206
2022-01-22,2.4416,11.0568,1.2034,-0.1842
2022-01-23,2.416,11.6724,1.2034,-0.1928
2022-01-24,2.416,11.236,1.2086,-0.1928
2022-01-25,2.3336,11.4637,1.1938,-0.2203
2022-01-26,2.3735,11.3949,1.1908,-0.207
2022-01-27,2.3801,11.2867,1.1849,-0.2048
2022-01-28,2.3585,11.5168,1.2144,-0.212
2022-01-29,2.2948,11.7656,1.2144,-0.2333
2022-01-30,2.329,11.6228,1.2144,-0.2218
2022-01-31,2.2887,11.8977,1.2362,-0.2353
2022-02-01,2.2075,12.2292,1.2446,-0.2624
2022-02-02,2.2428,11.5797,1.2567,-0.2506
2022-02-03,2.2479,11.6675,1.2271,-0.2489
2022-02-04,2.2514,12.7619,1.2329,-0.2478
2022-02-05,2.2131,12.9348,1.2329,-0.2606
2022-02-06,2.2273,13.2011,1.2329,-0.2558
2022-02-07,2.2624,13.9525,1.2289,-0.2441
2022-02-08,2.282,13.8144,1.2391,-0.2376
2022-02-09,2.2786,14.0234,1.2572,-0.2387
2022-02-10,2.318,13.48,1.2346,-0.2255
2022-02-11,2.3563,12.5943,1.2103,-0.2127
2022-02-12,2.4028,12.6266,1.2103,-0.1972
2022-02-13,2.4193,12.5047,1.2103,-0.1917
2022-02-14,2.3938,12.6326,1.2063,-0.2002
2022-02-15,2.3529,13.5659,1.2258,-0.2139
2022-02-16,2.3565,13.4048,1.2271,-0.2127
2022-02-17,2.3658,12.3719,1.2009,-0.2096
2022-02-18,2.386,12.1614,1.1931,-0.2028
2022-02-19,2.4029,12.2987,1.1931,-0.1972
2022-02-20,2.3568,11.6884,1.1931,-0.2126
2022-02-21,2.3388,10.9205,1.1931,-0.2186
2022-02-22,2.3475,11.3132,1.1803,-0.2157
2022-02-23,2.3579,11.0231,1.1594,-0.2122
2022-02-24,2.3558,11.08,1.1768,-0.2129
2022-02-25,2.3731,11.6937,1.2028,-0.2071
2022-02-26,2.3615,11.7189,1.2028,-0.211
2022-02-27,2.3479,11.1658,1.2028,-0.2155
2022-02-28,2.3365,12.4148,1.1997,-0.2193
2022-03-01,2.346,12.5647,1.1815,-0.2162
2022-03-02,2.3282,12.4318,1.2032,-0.2221
2022-03-03,2.3214,12.0116,1.1972,-0.2244
2022-03-04,2.3224,11.2182,1.1875,-0.2241
2022-03-05,2.3293,11.4928,1.1875,-0.2217
2022-03-06,2.3547,11.0422,1.1875,-0.2133
2022-03-07,2.3823,10.8241,1.1525,-0.204
2022-03-08,2.3892,10.9631,1.1437,-0.2017
2022-03-09,2.4017,11.6213,1.1744,-0.1976
2022-03-10,2.4051,11.0364,1.1691,-0.1964
2022-03-11,2.4116,11.0293,1.1542,-0.1942
2022-03-12,2.4092,11.0581,1.1542,-0.1951
2022-03-13,2.3934,10.7293,1.1542,-0.2003
2022-03-14,2.4019,11.0324,1.1458,-0.1975
2022-03-15,2.3846,11.0758,1.171,-0.2033
2022-03-16,2.3639,11.654,1.197,-0.2102
2022-03-17,2.3828,11.7228,1.2119,-0.2039
2022-03-18,2.364,12.0595,1.2252,-0.2101
2022-03-19,2.3382,12.3293,1.2252,-0.2188
2022-03-20,2.3434,11.9412,1.2252,-0.217
2022-03-21,2.3464,12.1463,1.2249,-0.216
2022-03-22,2.3431,12.4687,1.2392,-0.2171
2022-03-23,2.259,12.9356,1.2232,-0.2452
2022-03-24,2.2256,13.282,1.2417,-0.2564
2022-03-25,2.2157,12.9656,1.2477,-0.2597
2022-03-26,2.2231,13.2413,1.2477,-0.2572
2022-03-27,2.2265,13.8947,1.2477,-0.2561
2022-03-28,2.2165,13.8298,1.2566,-0.2594
2022-03-29,2.2273,14.1025,1.2721,-0.2558
2022-03-30,2.2205,14.2783,1.2643,-0.2581
2022-03-31,2.2067,13.8967,1.2448,-0.2627
2022-04-01,2.2459,14.3438,1.2484,-0.2496
2022-04-02,2.2466,14.2712,1.2484,-0.2494
2022-04-03,2.2429,14.6838,1.2484,-0.2506
2022-04-04,2.2274,14.5366,1.2591,-0.2558
2022-04-05,2.1063,14.3776,1.2432,-0.2963
2022-04-06,2.1122,13.1024,1.2307,-0.2943
2022-04-07,2.146,13.5232,1.2369,-0.283
2022-04-08,2.1102,12.96,1.2336,-0.295
2022-04-09,2.122,13.1778,1.2336,-0.291
2022-04-10,2.121,13.0331,1.2336,-0.2913
2022-04-11,2.082,11.8612,1.2125,-0.3044
2022-04-12,2.0985,12.2129,1.208,-0.2989
2022-04-13,2.0987,12.4873,1.2219,-0.2988
2022-04-14,2.0687,12.2043,1.2067,-0.3088
2022-04-15,2.0137,12.4734,1.2067,-0.3272
2022-04-16,2.0128,12.4908,1.2067,-0.3275
2022-04-17,2.0219,12.1332,1.2067,-0.3245
2022-04-18,2.0139,12.3834,1.2072,-0.3271
2022-04-19,2.043,12.6797,1.2266,-0.3174
2022-04-20,2.0462,12.5026,1.2257,-0.3163
2022-04-21,2.0401,12.0999,1.2074,-0.3184
2022-04-22,2.0436,12.026,1.1743,-0.3172
2022-04-23,2.0545,11.9159,1.1743,-0.3136
2022-04-24,2.047,11.7823,1.1743,-0.3161
2022-04-25,2.1522,12.161,1.1811,-0.2809
2022-04-26,2.1406,11.2747,1.1469,-0.2848
2022-04-27,2.138,11.5146,1.1501,-0.2857
2022-04-28,2.138,11.5184,1.1792,-0.2857
2022-04-29,2.1594,11.0316,1.1356,-0.2785
2022-04-30,2.1991,10.3412,1.1356,-0.2653
2022-05-01,2.1962,10.7373,1.1356,-0.2662
2022-05-02,2.1808,10.6976,1.1424,-0.2714
2022-05-03,2.1801,10.5293,1.1476,-0.2716
2022-05-04,2.0774,11.4165,1.1826,-0.3059
2022-05-05,2.1404,10.4321,1.1406,-0.2849
2022-05-06,2.1525,10.2873,1.1338,-0.2808
2022-05-07,2.1676,9.986,1.1338,-0.2758
2022-05-08,2.1754,9.6144,1.1338,-0.2732
2022-05-09,2.2237,8.1328,1.0975,-0.257
2022-05-10,2.2313,8.5002,1.1,-0.2545
2022-05-11,2.3536,6.888,1.0825,-0.2136
2022-05-12,2.3644,6.5974,1.0814,-0.21
2022-05-13,2.3189,7.1461,1.1072,-0.2252
2022-05-14,2.2676,7.4026,1.1072,-0.2424
2022-05-15,2.2051,7.8791,1.1072,-0.2633
2022-05-16,2.2618,7.3366,1.1027,-0.2443
2022-05-17,2.2186,7.6169,1.1254,-0.2587
2022-05-18,2.3027,6.8606,1.0801,-0.2306
2022-05-19,2.3279,7.1973,1.0734,-0.2222
2022-05-20,2.353,6.9524,1.0739,-0.2138
2022-05-21,2.3473,7.0817,1.0739,-0.2157
2022-05-22,2.313,7.314,1.0739,-0.2272
2022-05-23,2.3722,6.9879,1.094,-0.2074
2022-05-24,2.3958,7.1006,1.0857,-0.1995
2022-05-25,2.4466,6.945,1.0953,-0.1826
2022-05-26,2.546,6.494,1.1171,-0.1493
2022-05-27,2.5904,6.3103,1.1446,-0.1345
2022-05-28,2.4852,6.552,1.1446,-0.1697
2022-05-29,2.4593,6.6944,1.1446,-0.1783
2022-05-30,2.475,7.2436,1.1446,-0.1731
2022-05-31,2.5204,7.2355,1.1381,-0.1579
2022-06-01,2.5798,6.6515,1.1289,-0.1381
2022-06-02,2.5771,6.8465,1.1504,-0.1389
2022-06-03,2.6262,6.5505,1.1316,-0.1225
2022-06-04,2.5822,6.7008,1.1316,-0.1373
2022-06-05,2.5961,6.6977,1.1316,-0.1326
2022-06-06,2.5092,6.975,1.135,-0.1617
2022-06-07,2.5726,6.9015,1.1459,-0.1405
2022-06-08,2.5607,6.8448,1.1334,-0.1444
2022-06-09,2.5433,6.9121,1.1065,-0.1502
2022-06-10,2.5024,6.4501,1.0744,-0.1639
2022-06-11,2.5153,5.9808,1.0744,-0.1596
2022-06-12,2.5247,5.5264,1.0744,-0.1565
2022-06-13,2.5386,4.9299,1.0336,-0.1518
2022-06-14,2.6099,5.1248,1.0305,-0.128
2022-06-15,2.5579,5.5767,1.0452,-0.1454
2022-06-16,2.5712,4.8915,1.0106,-0.1409
2022-06-17,2.5669,4.9983,1.0128,-0.1424
2022-06-18,2.5857,4.7199,1.0128,-0.1361
2022-06-19,2.5465,5.1494,1.0128,-0.1492
2022-06-20,2.5633,5.2623,1.0128,-0.1436
2022-06-21,2.542,5.2917,1.0383,-0.1507
2022-06-22,2.568,5.0699,1.0364,-0.142
2022-06-23,2.4942,5.4244,1.0465,-0.1667
2022-06-24,2.4251,5.7697,1.0798,-0.1897
2022-06-25,2.3926,5.8131,1.0798,-0.2006
2022-06-26,2.4051,5.6318,1.0798,-0.1964
2022-06-27,2.3979,5.5535,1.0757,-0.1988
2022-06-28,2.4171,5.2801,1.0537,-0.1924
2022-06-29,2.4435,5.179,1.0528,-0.1836
2022-06-30,2.4785,5.1089,1.0443,-0.1719
2022-07-01,2.4424,4.9708,1.0553,-0.184
2022-07-02,2.4564,5.0301,1.0553,-0.1793
2022-07-03,2.4643,5.0598,1.0553,-0.1766
2022-07-04,2.4259,5.327,1.0553,-0.1895
2022-07-05,2.4193,5.2301,1.0573,-0.1917
2022-07-06,2.4003,5.372,1.0609,-0.198
2022-07-07,2.3857,5.5868,1.0768,-0.2029
2022-07-08,2.3713,5.501,1.0759,-0.2077
2022-07-09,2.3768,5.5472,1.0759,-0.2059
2022-07-10,2.3795,5.3219,1.0759,-0.205
2022-07-11,2.3391,5.0188,1.0636,-0.2185
2022-07-12,2.3585,4.8743,1.0542,-0.212
2022-07-13,2.3479,5.1312,1.0487,-0.2155
2022-07-14,2.3421,5.2999,1.0461,-0.2175
2022-07-15,2.325,5.3426,1.0661,-0.2232
2022-07-16,2.3634,5.6138,1.0661,-0.2103
2022-07-17,2.3651,5.4904,1.0661,-0.2098
2022-07-18,2.4187,6.0907,1.0573,-0.1919
2022-07-19,2.4103,6.2213,1.0859,-0.1947
2022-07-20,2.4,6.0152,1.0928,-0.1981
2022-07-21,2.4348,6.1419,1.1039,-0.1865
2022-07-22,2.4202,5.9502,1.0937,-0.1914
2022-07-23,2.4177,5.9837,1.0937,-0.1922
2022-07-24,2.4148,6.0528,1.0937,-0.1932
2022-07-25,2.392,5.5489,1.095,-0.2008
2022-07-26,2.3946,5.5187,1.082,-0.1999
2022-07-27,2.4283,6.0667,1.1101,-0.1887
2022-07-28,2.4353,6.2901,1.1241,-0.1863
2022-07-29,2.4217,6.4104,1.1405,-0.1909
2022-07-30,2.3944,6.4368,1.1405,-0.2
2022-07-31,2.3635,6.3686,1.1405,-0.2103
2022-08-01,2.3666,6.2988,1.1371,-0.2093
2022-08-02,2.3826,6.1336,1.1296,-0.2039
2022-08-03,2.383,6.1521,1.1473,-0.2038
2022-08-04,2.3692,6.2042,1.1465,-0.2084
2022-08-05,2.3696,6.5,1.1446,-0.2083
2022-08-06,2.3754,6.4581,1.1446,-0.2063
2022-08-07,2.3763,6.5981,1.1446,-0.2061
2022-08-08,2.3809,6.7839,1.1432,-0.2045
2022-08-09,2.394,6.6221,1.1387,-0.2001
2022-08-10,2.3979,6.9228,1.1626,-0.1988
2022-08-11,2.4029,6.8791,1.1626,-0.1971
2022-08-12,2.4302,7.0603,1.1823,-0.1881
2022-08-13,2.4322,7.0708,1.1823,-0.1874
2022-08-14,2.3279,7.0368,1.1823,-0.2222
2022-08-15,2.3488,6.9104,1.1872,-0.2152
2022-08-16,2.2436,6.948,1.1895,-0.2504
2022-08-17,2.2368,6.6586,1.181,-0.2527
2022-08-18,2.2635,6.4554,1.1845,-0.2437
2022-08-19,2.2534,5.8348,1.1686,-0.2471
2022-08-20,2.267,5.8343,1.1686,-0.2426
2022-08-21,2.285,5.9967,1.1686,-0.2365
2022-08-22,2.3092,5.9432,1.1442,-0.2285
2022-08-23,2.2913,6.0352,1.1414,-0.2345
2022-08-24,2.3071,5.9676,1.1451,-0.2292
2022-08-25,2.3242,6.0294,1.1613,-0.2235
2022-08-26,2.3206,5.5372,1.122,-0.2247
2022-08-27,2.2868,5.5381,1.122,-0.236
2022-08-28,2.3103,5.3356,1.122,-0.2281
2022-08-29,2.3089,5.6152,1.1145,-0.2286
2022-08-30,2.3038,5.4987,1.1023,-0.2303
2022-08-31,2.3141,5.5084,1.0939,-0.2268
2022-09-01,2.3049,5.5937,1.0974,-0.2299
2022-09-02,2.3181,5.5627,1.0858,-0.2255
2022-09-03,2.3152,5.5817,1.0858,-0.2265
2022-09-04,2.3008,5.6831,1.0858,-0.2313
2022-09-05,2.2923,5.7122,1.0858,-0.2341
2022-09-06,2.2998,5.3918,1.0817,-0.2316
2022-09-07,2.3027,5.6389,1.1011,-0.2306
2022-09-08,2.2898,5.7083,1.1083,-0.2349
2022-09-09,2.2771,6.0227,1.1255,-0.2392
2022-09-10,2.3027,6.1009,1.1255,-0.2306
2022-09-11,2.2971,6.0802,1.1255,-0.2325
2022-09-12,2.2561,6.1166,1.1376,-0.2462
2022-09-13,2.2748,5.6376,1.0882,-0.24
2022-09-14,2.3021,5.7419,1.0923,-0.2308
2022-09-15,2.2775,5.5234,1.0799,-0.239
2022-09-16,2.3298,5.5822,1.0717,-0.2216
2022-09-17,2.3664,5.7668,1.0717,-0.2094
2022-09-18,2.3959,5.3541,1.0717,-0.1995
2022-09-19,2.41,5.4751,1.08,-0.1948
2022-09-20,2.4566,5.3652,1.0676,-0.1792
2022-09-21,2.4249,5.2531,1.049,-0.1898
2022-09-22,2.5551,5.606,1.0402,-0.1463
2022-09-23,2.5706,5.7249,1.0227,-0.1411
2022-09-24,2.5518,5.6583,1.0227,-0.1474
2022-09-25,2.569,5.6025,1.0227,-0.1417
2022-09-26,2.5153,5.678,1.0126,-0.1596
2022-09-27,2.4973,5.6011,1.01,-0.1656
2022-09-28,2.4903,5.6189,1.0299,-0.168
2022-09-29,2.5286,5.6966,1.0084,-0.1552
2022-09-30,2.5006,5.6363,0.9928,-0.1645
2022-10-01,2.4929,5.5648,0.9928,-0.1671
2022-10-02,2.472,5.438,0.9928,-0.1741
2022-10-03,2.4618,5.5884,1.019,-0.1775
2022-10-04,2.491,5.7937,1.0506,-0.1677
2022-10-05,2.5224,5.7784,1.0481,-0.1572
2022-10-06,2.5171,5.6966,1.0373,-0.159
2022-10-07,2.5474,5.6708,1.0084,-0.1489
2022-10-08,2.5405,5.6097,1.0084,-0.1512
2022-10-09,2.5537,5.6798,1.0084,-0.1468
2022-10-10,2.5301,5.4766,1.0007,-0.1547
2022-10-11,2.5067,5.3908,0.9943,-0.1625
2022-10-12,2.5057,5.3951,0.9911,-0.1628
2022-10-13,2.4958,5.3509,1.0172,-0.1661
2022-10-14,2.5032,5.3031,0.994,-0.1637
2022-10-15,2.5109,5.2594,0.994,-0.1611
2022-10-16,2.4854,5.3484,0.994,-0.1696
2022-10-17,2.4881,5.4389,1.0196,-0.1687
2022-10-18,2.5022,5.3338,1.0316,-0.164
2022-10-19,2.5075,5.1943,1.0243,-0.1622
2022-10-20,2.5375,5.1357,1.0157,-0.1522
2022-10-21,2.5258,5.1978,1.0403,-0.1561
2022-10-22,2.5316,5.2205,1.0403,-0.1542
2022-10-23,2.4982,5.3549,1.0403,-0.1653
2022-10-24,2.4982,5.2556,1.0531,-0.1653
2022-10-25,2.4137,5.5842,1.0699,-0.1935
2022-10-26,2.5389,5.78,1.0618,-0.1517
2022-10-27,2.62,5.6966,1.0562,-0.1246
2022-10-28,2.6401,5.9406,1.0813,-0.1179
2022-10-29,2.8441,6.3334,1.0813,-0.0498
2022-10-30,2.8155,6.2967,1.0813,-0.0593
2022-10-31,2.844,6.4038,1.0735,-0.0498
2022-11-01,2.9435,6.4142,1.0688,-0.0165
2022-11-02,2.9014,6.1608,1.042,-0.0306
2022-11-03,2.8481,6.2193,1.0312,-0.0484
2022-11-04,2.8105,6.7285,1.0461,-0.061
2022-11-05,2.7212,6.756,1.0461,-0.0908
2022-11-06,2.7759,6.3986,1.0461,-0.0725
2022-11-07,2.8307,6.3813,1.0561,-0.0542
2022-11-08,2.7905,5.5879,1.0618,-0.0676
2022-11-09,2.9568,4.5075,1.0399,-0.0121
2022-11-10,2.9129,5.2759,1.0971,-0.0267
2022-11-11,2.9043,5.0468,1.1077,-0.0296
2022-11-12,3.0007,4.8394,1.1077,0.0
2022-11-13,3.0759,4.6806,1.1077,0.0
2022-11-14,2.9492,4.8113,1.0982,-0.0412
2022-11-15,2.9066,4.891,1.1076,-0.055
2022-11-16,2.912,4.782,1.0992,-0.0533
2022-11-17,2.9002,4.7333,1.0958,-0.0571
2022-11-18,2.9293,4.735,1.1008,-0.0477
2022-11-19,2.9472,4.7157,1.1008,-0.0418
2022-11-20,2.9521,4.4656,1.1008,-0.0402
2022-11-21,2.9444,4.3706,1.0968,-0.0427
2022-11-22,2.9506,4.5455,1.1115,-0.0407
2022-11-23,2.9526,4.797,1.1185,-0.0401
2022-11-24,2.9573,4.8405,1.1185,-0.0386
2022-11-25,3.0319,4.8576,1.1183,-0.0143
2022-11-26,3.068,4.8828,1.1183,-0.0025
2022-11-27,3.1009,4.9094,1.1183,0.0
2022-11-28,3.0959,4.801,1.1004,-0.0016
2022-11-29,3.1384,4.9016,1.0986,0.0
2022-11-30,3.0956,5.1088,1.1332,-0.0136
2022-12-01,3.0862,4.9934,1.1323,-0.0166
2022-12-02,3.0199,5.0688,1.131,-0.0377
2022-12-03,3.0067,4.9594,1.131,-0.042
2022-12-04,2.9778,5.0701,1.131,-0.0512
2022-12-05,2.9695,5.0016,1.1107,-0.0538
2022-12-06,2.9402,5.0191,1.0947,-0.0632
2022-12-07,2.957,4.8622,1.0928,-0.0578
2022-12-08,2.9696,4.9698,1.1014,-0.0538
2022-12-09,2.9437,4.9064,1.0931,-0.062
2022-12-10,2.9355,4.9064,1.0931,-0.0647
2022-12-11,2.9393,4.8234,1.0931,-0.0635
2022-12-12,2.9358,4.8034,1.1089,-0.0646
2022-12-13,2.8828,4.9233,1.1173,-0.0815
2022-12-14,2.8363,4.874,1.1101,-0.0963
2022-12-15,2.8327,4.741,1.083,-0.0974
2022-12-16,2.9129,4.2966,1.0702,-0.0719
2022-12-17,2.914,4.3827,1.0702,-0.0715
2022-12-18,2.9184,4.3721,1.0702,-0.0701
2022-12-19,2.9602,4.196,1.0611,-0.0568
2022-12-20,2.9709,4.352,1.0626,-0.0534
2022-12-21,3.0015,4.2866,1.0785,-0.0436
2022-12-22,2.9861,4.3172,1.0631,-0.0485
2022-12-23,2.985,4.3169,1.0692,-0.0489
2022-12-24,2.9914,4.2965,1.0692,-0.0468
2022-12-25,2.984,4.283,1.0692,-0.0492
2022-12-26,2.9614,4.3322,1.0692,-0.0564
2022-12-27,2.9724,4.2793,1.065,-0.0529
2022-12-28,3.0199,4.1075,1.0517,-0.0378
2022-12-29,3.0392,4.084,1.0707,-0.0316
2022-12-30,3.0442,4.0674,1.0679,-0.03
2022-12-31,3.0122,4.0841,1.0679,-0.0402
2023-01-01,3.0178,4.0962,1.0679,-0.0384
2023-01-02,2.9193,4.2101,1.0679,-0.0698
2023-01-03,2.7984,4.2822,1.0634,-0.1083
2023-01-04,2.7935,4.4241,1.0716,-0.1099
2023-01-05,2.8068,4.3704,1.0593,-0.1057
2023-01-06,2.8026,4.4319,1.0836,-0.107
2023-01-07,2.7857,4.4198,1.0836,-0.1124
2023-01-08,2.7768,4.5668,1.0836,-0.1152
2023-01-09,2.76,4.7197,1.083,-0.1206
2023-01-10,2.7528,4.7883,1.0906,-0.1229
2023-01-11,2.7766,5.023,1.1044,-0.1153
2023-01-12,2.8045,5.102,1.1084,-0.1064
2023-01-13,2.8337,5.3206,1.1127,-0.0971
2023-01-14,3.0452,5.737,1.1127,-0.0297
2023-01-15,3.027,5.6413,1.1127,-0.0355
2023-01-16,3.0682,5.6398,1.1127,-0.0224
2023-01-17,3.0503,5.6518,1.1107,-0.0281
2023-01-18,3.0067,5.3721,1.0932,-0.042
2023-01-19,3.0119,5.5176,1.0852,-0.0403
2023-01-20,3.1042,5.9481,1.1054,-0.0109
2023-01-21,3.0721,5.8597,1.1054,-0.0211
2023-01-22,3.0445,5.9113,1.1054,-0.0299
2023-01-23,3.0752,6.0211,1.1187,-0.0202
2023-01-24,3.0659,5.7563,1.1175,-0.0231
2023-01-25,3.0961,5.9744,1.1179,-0.0135
2023-01-26,3.0844,5.9921,1.1302,-0.0172
2023-01-27,3.2383,6.1516,1.1328,0.0
2023-01-28,3.2002,6.0649,1.1328,-0.0118
2023-01-29,3.2446,6.2865,1.1328,0.0
2023-01-30,3.1841,5.957,1.1186,-0.0186
2023-01-31,3.0962,6.0971,1.135,-0.0457
2023-02-01,3.1771,6.2559,1.1471,-0.0208
2023-02-02,3.204,6.2194,1.1638,-0.0125
2023-02-03,3.1973,6.3501,1.1514,-0.0146
2023-02-04,3.1799,6.3194,1.1514,-0.02
2023-02-05,3.1686,6.1428,1.1514,-0.0234
2023-02-06,3.1513,6.0197,1.1444,-0.0288
2023-02-07,3.1806,6.2766,1.1593,-0.0197
2023-02-08,3.1486,6.1518,1.1467,-0.0296
2023-02-09,3.0173,5.7094,1.1367,-0.0701
2023-02-10,3.0081,5.663,1.1394,-0.0729
2023-02-11,3.0156,5.7581,1.1394,-0.0706
2023-02-12,3.0133,5.7128,1.1394,-0.0713
2023-02-13,3.0083,5.624,1.1527,-0.0728
2023-02-14,3.0062,5.7899,1.1522,-0.0735
2023-02-15,3.0328,6.2312,1.156,-0.0653
2023-02-16,3.0212,5.9476,1.14,-0.0688
2023-02-17,3.032,6.261,1.1372,-0.0655
2023-02-18,3.0338,6.3159,1.1372,-0.065
2023-02-19,3.0071,6.3181,1.1372,-0.0732
2023-02-20,2.9734,6.4566,1.1372,-0.0836
2023-02-21,2.981,6.2904,1.1144,-0.0812
2023-02-22,2.9715,6.2443,1.1128,-0.0842
2023-02-23,2.9755,6.1882,1.1188,-0.0829
2023-02-24,2.9254,5.9274,1.1068,-0.0984
2023-02-25,2.9048,5.8757,1.1068,-0.1047
2023-02-26,2.924,5.9937,1.1068,-0.0988
2023-02-27,2.8866,5.9142,1.1106,-0.1103
2023-02-28,2.8576,5.7829,1.1065,-0.1193
2023-03-01,2.8965,5.9337,1.1022,-0.1073
2023-03-02,2.8806,5.8173,1.1108,-0.1122
2023-03-03,2.8774,5.6097,1.1286,-0.1132
2023-03-04,2.9113,5.5265,1.1286,-0.1027
2023-03-05,2.914,5.5346,1.1286,-0.1019
2023-03-06,2.8944,5.5205,1.1294,-0.1079
2023-03-07,2.9138,5.4966,1.1121,-0.102
2023-03-08,2.9453,5.3073,1.1139,-0.0923
2023-03-09,2.9438,5.0363,1.0934,-0.0927
2023-03-10,2.9152,5.0986,1.0776,-0.1015
2023-03-11,2.9195,5.1049,1.0776,-0.1002
2023-03-12,2.8576,5.4685,1.0776,-0.1193
2023-03-13,2.8839,5.6692,1.076,-0.1112
2023-03-14,2.8543,5.7703,1.0938,-0.1203
2023-03-15,2.9261,5.4824,1.087,-0.0982
2023-03-16,2.9106,5.6302,1.1061,-0.1029
2023-03-17,2.8972,6.0457,1.0931,-0.1071
2023-03-18,2.9277,5.8657,1.0931,-0.0977
2023-03-19,2.9313,6.0241,1.0931,-0.0966
2023-03-20,2.9762,5.8596,1.1036,-0.0827
2023-03-21,2.8492,6.2558,1.1181,-0.1219
2023-03-22,2.8453,5.976,1.0991,-0.1231
2023-03-23,2.8331,6.2293,1.102,-0.1268
2023-03-24,2.837,5.9794,1.1093,-0.1256
2023-03-25,2.8812,5.9526,1.1093,-0.112
2023-03-26,2.8733,6.0552,1.1093,-0.1144
2023-03-27,2.9333,5.8915,1.1113,-0.096
2023-03-28,2.9447,6.0583,1.1088,-0.0924
2023-03-29,2.9741,6.2488,1.125,-0.0834
2023-03-30,2.9641,6.1794,1.1316,-0.0865
2023-03-31,2.9293,6.3541,1.1475,-0.0972
2023-04-01,2.8347,6.3434,1.1475,-0.1263
2023-04-02,2.8921,6.2315,1.1475,-0.1086
2023-04-03,2.6869,6.3391,1.1519,-0.1719
2023-04-04,2.6979,6.4287,1.1455,-0.1685
2023-04-05,2.7182,6.4458,1.1425,-0.1623
2023-04-06,2.7814,6.3231,1.1469,-0.1428
2023-04-07,2.7832,6.286,1.1469,-0.1422
2023-04-08,2.8039,6.2303,1.1469,-0.1358
2023-04-09,2.7998,6.2941,1.1469,-0.1371
2023-04-10,2.8211,6.4416,1.1481,-0.1305
2023-04-11,2.774,6.5437,1.1484,-0.1451
2023-04-12,2.7393,6.5639,1.1437,-0.1558
2023-04-13,2.7204,6.7532,1.1589,-0.1616
2023-04-14,2.7334,6.8968,1.1561,-0.1576
2023-04-15,2.7415,6.9255,1.1561,-0.1551
2023-04-16,2.7007,7.0658,1.1561,-0.1677
2023-04-17,2.6884,6.9571,1.1603,-0.1714
2023-04-18,2.7027,7.1503,1.161,-0.167
2023-04-19,2.7056,6.601,1.1608,-0.1661
2023-04-20,2.6876,6.4227,1.1545,-0.1717
2023-04-21,2.6319,6.1368,1.1554,-0.1888
2023-04-22,2.6384,6.2861,1.1554,-0.1868
2023-04-23,2.6205,6.205,1.1554,-0.1924
2023-04-24,2.6105,6.182,1.1566,-0.1954
2023-04-25,2.6143,6.3283,1.1382,-0.1943
2023-04-26,2.6513,6.2331,1.1334,-0.1829
2023-04-27,2.666,6.3806,1.156,-0.1783
2023-04-28,2.6665,6.3819,1.1658,-0.1782
2023-04-29,2.6495,6.3993,1.1658,-0.1834
2023-04-30,2.6547,6.3404,1.1658,-0.1818
2023-05-01,2.6509,6.1679,1.1647,-0.183
2023-05-02,2.6615,6.2171,1.1516,-0.1797
2023-05-03,2.6589,6.2832,1.1437,-0.1805
2023-05-04,2.6496,6.1957,1.1356,-0.1834
2023-05-05,2.6414,6.3799,1.1566,-0.1859
2023-05-06,2.6623,6.1672,1.1566,-0.1795
2023-05-07,2.6602,6.1117,1.1566,-0.1801
2023-05-08,2.6809,5.8641,1.1569,-0.1737
2023-05-09,2.6783,5.8502,1.1518,-0.1746
2023-05-10,2.6705,5.9005,1.1572,-0.1769
2023-05-11,2.6689,5.7402,1.1552,-0.1774
2023-05-12,2.6505,5.8303,1.1537,-0.1831
2023-05-13,2.6611,5.7879,1.1537,-0.1798
2023-05-14,2.6632,5.8164,1.1537,-0.1792
2023-05-15,2.6735,5.8364,1.1576,-0.176
2023-05-16,2.6506,5.8393,1.1499,-0.1831
2023-05-17,2.6314,5.9326,1.1639,-0.189
2023-05-18,2.6049,5.8389,1.1751,-0.1972
2023-05-19,2.605,5.8462,1.1734,-0.1971
2023-05-20,2.6158,5.8585,1.1734,-0.1938
2023-05-21,2.6204,5.746,1.1734,-0.1924
2023-05-22,2.6019,5.8074,1.1738,-0.1981
2023-05-23,2.6209,5.8668,1.1607,-0.1922
2023-05-24,2.6268,5.6962,1.1523,-0.1904
2023-05-25,2.6352,5.6841,1.1622,-0.1878
2023-05-26,2.6444,5.748,1.1773,-0.185
2023-05-27,2.6313,5.8344,1.1773,-0.189
2023-05-28,2.6364,6.0081,1.1773,-0.1875
2023-05-29,2.6662,5.9657,1.1773,-0.1783
2023-05-30,2.7122,6.0056,1.1777,-0.1641
2023-05-31,2.7261,5.9088,1.1712,-0.1598
2023-06-01,2.7229,5.8307,1.1823,-0.1608
2023-06-02,2.7335,5.9657,1.1994,-0.1575
2023-06-03,2.7162,5.9486,1.1994,-0.1629
2023-06-04,2.7299,5.9954,1.1994,-0.1586
2023-06-05,2.7672,5.619,1.1971,-0.1471
2023-06-06,2.7458,5.8118,1.1997,-0.1537
2023-06-07,2.7709,5.5151,1.1956,-0.146
2023-06-08,2.7795,5.5529,1.2028,-0.1433
2023-06-09,2.8502,5.4692,1.205,-0.1216
2023-06-10,2.8836,5.0036,1.205,-0.1113
2023-06-11,2.9206,4.9875,1.205,-0.0999
2023-06-12,2.9292,4.9684,1.2159,-0.0972
2023-06-13,2.8781,5.0201,1.2239,-0.113
2023-06-14,2.8374,4.8491,1.2254,-0.1255
2023-06-15,2.8519,4.8622,1.2406,-0.1211
2023-06-16,2.8395,4.9295,1.2364,-0.1249
2023-06-17,2.8249,4.9829,1.2364,-0.1294
2023-06-18,2.8552,4.9433,1.2364,-0.12
2023-06-19,2.8456,4.9869,1.2364,-0.123
2023-06-20,2.8457,5.1347,1.2299,-0.1229
2023-06-21,2.8323,5.3592,1.2236,-0.1271
2023-06-22,2.8363,5.3044,1.2281,-0.1259
2023-06-23,2.8302,5.484,1.2188,-0.1277
2023-06-24,2.8528,5.3955,1.2188,-0.1208
2023-06-25,2.8428,5.4633,1.2188,-0.1239
2023-06-26,2.8587,5.3309,1.2138,-0.119
2023-06-27,2.8562,5.4058,1.2271,-0.1197
2023-06-28,2.8825,5.1696,1.2277,-0.1116
2023-06-29,2.8757,5.3175,1.2326,-0.1137
2023-06-30,2.8557,5.5024,1.2471,-0.1199
2023-07-01,2.8191,5.5737,1.2471,-0.1312
2023-07-02,2.8298,5.6303,1.2471,-0.1279
2023-07-03,2.8387,5.66,1.2485,-0.1251
2023-07-04,2.8436,5.6084,1.2485,-0.1236
2023-07-05,2.8569,5.4921,1.2467,-0.1195
2023-07-06,2.8523,5.3777,1.2369,-0.1209
2023-07-07,2.8488,5.4951,1.2338,-0.122
2023-07-08,2.8299,5.5651,1.2338,-0.1278
2023-07-09,2.846,5.5162,1.2338,-0.1229
2023-07-10,2.8115,5.567,1.2369,-0.1335
2023-07-11,2.7969,5.6101,1.2448,-0.138
2023-07-12,2.8119,5.5631,1.2548,-0.1334
2023-07-13,2.6964,6.5031,1.2648,-0.169
2023-07-14,2.7183,6.3081,1.264,-0.1622
2023-07-15,2.7002,6.3521,1.264,-0.1678
2023-07-16,2.7618,6.2482,1.264,-0.1488
2023-07-17,2.7306,6.2867,1.2684,-0.1584
2023-07-18,2.725,6.1809,1.2778,-0.1602
2023-07-19,2.7593,6.2921,1.2806,-0.1496
2023-07-20,2.701,6.3802,1.2721,-0.1675
2023-07-21,2.6583,6.3996,1.2721,-0.1807
2023-07-22,2.6171,6.2257,1.2721,-0.1934
2023-07-23,2.6119,6.2967,1.2721,-0.195
2023-07-24,2.5882,6.1209,1.2778,-0.2023
2023-07-25,2.5703,6.1763,1.2813,-0.2078
2023-07-26,2.6111,6.2513,1.2815,-0.1952
2023-07-27,2.6383,6.2558,1.273,-0.1869
2023-07-28,2.618,6.2511,1.2855,-0.1931
2023-07-29,2.6277,6.3008,1.2855,-0.1902
2023-07-30,2.597,6.2147,1.2855,-0.1996
2023-07-31,2.5754,6.1461,1.2879,-0.2062
2023-08-01,2.5747,6.2184,1.2842,-0.2065
2023-08-02,2.5531,6.0299,1.2664,-0.2131
2023-08-03,2.5224,5.9481,1.2627,-0.2226
2023-08-04,2.5153,5.9226,1.257,-0.2248
2023-08-05,2.5043,5.9428,1.257,-0.2282
2023-08-06,2.5241,5.9353,1.257,-0.2221
2023-08-07,2.5231,5.927,1.268,-0.2224
2023-08-08,2.5579,6.0692,1.2625,-0.2116
2023-08-09,2.5662,6.0919,1.2541,-0.2091
2023-08-10,2.5776,6.0511,1.2545,-0.2056
2023-08-11,2.5596,6.0256,1.2538,-0.2111
2023-08-12,2.5499,6.0345,1.2538,-0.2141
2023-08-13,2.5527,5.9735,1.2538,-0.2133
2023-08-14,2.5588,6.018,1.2607,-0.2114
2023-08-15,2.5488,5.8174,1.246,-0.2145
2023-08-16,2.5419,5.6346,1.2369,-0.2166
2023-08-17,2.493,5.2196,1.2274,-0.2317
2023-08-18,2.4629,5.2337,1.228,-0.2409
2023-08-19,2.454,5.2812,1.228,-0.2437
2023-08-20,2.4322,5.3172,1.228,-0.2504
2023-08-21,2.4531,5.203,1.236,-0.2439
2023-08-22,2.4709,5.1435,1.2327,-0.2384
2023-08-23,2.4835,5.2841,1.2464,-0.2346
2023-08-24,2.508,5.1986,1.2291,-0.227
2023-08-25,2.4902,5.1749,1.2378,-0.2325
2023-08-26,2.4801,5.1634,1.2378,-0.2356
2023-08-27,2.4898,5.1999,1.2378,-0.2326
2023-08-28,2.4746,5.2211,1.2456,-0.2373
2023-08-29,2.4822,5.4279,1.2636,-0.235
2023-08-30,2.4915,5.2926,1.2689,-0.2321
2023-08-31,2.4897,5.09,1.267,-0.2327
2023-09-01,2.4792,5.0476,1.2694,-0.2359
2023-09-02,2.4798,5.0658,1.2694,-0.2357
2023-09-03,2.466,5.0758,1.2694,-0.24
2023-09-04,2.4639,5.0682,1.2694,-0.2406
2023-09-05,2.4526,5.1103,1.2639,-0.2441
2023-09-06,2.439,5.1054,1.2554,-0.2483
2023-09-07,2.4383,5.1487,1.2515,-0.2485
2023-09-08,2.4363,5.0987,1.2534,-0.2491
2023-09-09,2.4413,5.0746,1.2534,-0.2476
2023-09-10,2.4615,4.9584,1.2534,-0.2414
2023-09-11,2.4618,4.8039,1.2617,-0.2413
2023-09-12,2.4866,4.8748,1.2547,-0.2336
2023-09-13,2.4877,4.9268,1.2562,-0.2333
2023-09-14,2.4801,4.9888,1.267,-0.2356
2023-09-15,2.4734,5.0511,1.2518,-0.2377
2023-09-16,2.4789,5.0417,1.2518,-0.236
2023-09-17,2.5128,4.9746,1.2518,-0.2256
2023-09-18,2.4917,5.0658,1.2525,-0.2321
2023-09-19,2.4865,5.1474,1.2499,-0.2337
2023-09-20,2.4817,5.1309,1.2384,-0.2351
2023-09-21,2.4978,4.9964,1.2179,-0.2302
2023-09-22,2.5118,5.0269,1.2152,-0.2258
2023-09-23,2.526,5.0466,1.2152,-0.2215
2023-09-24,2.5169,4.9841,1.2152,-0.2243
2023-09-25,2.5319,5.0564,1.2203,-0.2197
2023-09-26,2.522,5.0356,1.2024,-0.2227
2023-09-27,2.5575,5.0466,1.2029,-0.2118
2023-09-28,2.5512,5.175,1.2098,-0.2137
2023-09-29,2.5606,5.2102,1.2069,-0.2108
2023-09-30,2.5655,5.2644,1.2069,-0.2093
2023-10-01,2.5314,5.454,1.2069,-0.2198
2023-10-02,2.5343,5.2898,1.2064,-0.2189
2023-10-03,2.5306,5.3045,1.1903,-0.2201
2023-10-04,2.5143,5.3456,1.1989,-0.2251
2023-10-05,2.4929,5.281,1.1985,-0.2317
2023-10-06,2.5123,5.3898,1.2127,-0.2257
2023-10-07,2.5004,5.3384,1.2127,-0.2294
2023-10-08,2.5233,5.3142,1.2127,-0.2223
2023-10-09,2.5039,5.1291,1.2205,-0.2283
2023-10-10,2.5073,5.1094,1.2268,-0.2272
2023-10-11,2.5323,5.0627,1.2319,-0.2195
2023-10-12,2.5117,4.9852,1.2243,-0.2259
2023-10-13,2.5198,5.0258,1.2182,-0.2234
2023-10-14,2.5095,5.0538,1.2182,-0.2266
2023-10-15,2.5189,5.0741,1.2182,-0.2237
2023-10-16,2.5759,5.2251,1.2311,-0.2061
2023-10-17,2.5862,5.1322,1.231,-0.2029
2023-10-18,2.5824,5.0893,1.2146,-0.2041
2023-10-19,2.6194,5.178,1.2039,-0.1927
2023-10-20,2.6708,5.3066,1.1891,-0.1769
2023-10-21,2.8065,5.5448,1.1891,-0.135
2023-10-22,2.8897,5.6853,1.1891,-0.1094
2023-10-23,2.852,6.0807,1.1871,-0.121
2023-10-24,2.8356,6.0215,1.196,-0.1261
2023-10-25,2.8958,6.1499,1.1789,-0.1075
2023-10-26,2.8605,6.2222,1.1647,-0.1184
2023-10-27,2.8592,6.1307,1.1595,-0.1188
2023-10-28,2.8295,6.1601,1.1595,-0.1279
2023-10-29,2.8462,6.2768,1.1595,-0.1228
2023-10-30,2.8726,6.4132,1.1733,-0.1147
2023-10-31,2.9724,6.459,1.1807,-0.0839
2023-11-01,3.007,6.6901,1.1933,-0.0732
2023-11-02,2.9396,6.6098,1.2162,-0.094
2023-11-03,2.9505,6.6628,1.2273,-0.0906
2023-11-04,2.9704,6.7751,1.2273,-0.0845
2023-11-05,2.9615,6.9528,1.2273,-0.0873
2023-11-06,2.9878,7.2612,1.2301,-0.0792
2023-11-07,3.0395,7.1615,1.2336,-0.0632
2023-11-08,3.1474,7.3359,1.2345,-0.03
2023-11-09,3.0726,7.4645,1.2249,-0.053
2023-11-10,3.2999,7.8716,1.244,0.0
2023-11-11,3.3125,8.0746,1.244,0.0
2023-11-12,3.3121,8.1508,1.244,-0.0001
2023-11-13,3.2197,7.7429,1.2428,-0.028
2023-11-14,3.2912,7.6908,1.2669,-0.0064
2023-11-15,3.4003,8.3145,1.2696,0.0
2023-11-16,3.2577,8.0182,1.2711,-0.0419
2023-11-17,3.2593,8.0817,1.2727,-0.0415
2023-11-18,3.2645,8.0633,1.2727,-0.0399
2023-11-19,3.3127,8.3094,1.2727,-0.0258
2023-11-20,3.1603,8.0973,1.2825,-0.0706
2023-11-21,3.1638,7.5399,1.2797,-0.0695
2023-11-22,3.2464,8.0145,1.2847,-0.0453
2023-11-23,3.2296,8.0153,1.2847,-0.0502
2023-11-24,3.2319,8.0837,1.2854,-0.0495
2023-11-25,3.2704,8.1948,1.2854,-0.0382
2023-11-26,3.2606,8.1221,1.2854,-0.0411
2023-11-27,3.2149,7.9281,1.2831,-0.0545
2023-11-28,3.2503,8.095,1.2844,-0.0441
2023-11-29,3.2887,8.0802,1.2835,-0.0328
2023-11-30,3.3031,8.1511,1.2885,-0.0286
2023-12-01,3.3158,8.2801,1.2962,-0.0248
2023-12-02,3.3722,8.536,1.2962,-0.0082
2023-12-03,3.3526,8.5062,1.2962,-0.014
2023-12-04,3.3375,8.6949,1.2894,-0.0185
2023-12-05,3.4104,8.9146,1.2891,0.0
2023-12-06,3.4676,9.0156,1.2839,0.0
2023-12-07,3.5339,9.2589,1.2937,0.0
2023-12-08,3.7099,9.9899,1.2993,0.0
2023-12-09,3.7378,9.9773,1.2993,0.0
2023-12-10,3.9146,10.2927,1.2993,0.0
2023-12-11,3.9245,9.7738,1.3043,0.0
2023-12-12,3.851,9.8402,1.3103,-0.0187
2023-12-13,3.9174,10.2449,1.3284,-0.0018
2023-12-14,3.9792,10.3777,1.3326,0.0
2023-12-15,3.9779,9.9403,1.3304,-0.0003
2023-12-16,4.0356,10.0991,1.3304,0.0
2023-12-17,3.9911,9.8107,1.3304,-0.011
2023-12-18,4.0271,9.9971,1.3379,-0.0021
2023-12-19,3.9211,9.8374,1.346,-0.0284
2023-12-20,3.9774,10.2181,1.3274,-0.0144
2023-12-21,4.0649,10.9071,1.34,0.0
2023-12-22,4.0789,10.9366,1.3427,0.0
2023-12-23,4.2382,11.112,1.3427,0.0
2023-12-24,4.3088,11.0327,1.3427,0.0
2023-12-25,4.3134,11.405,1.3427,0.0
2023-12-26,4.2271,11.1155,1.3483,-0.02
2023-12-27,4.0217,11.4001,1.3508,-0.0676
2023-12-28,3.9413,11.1189,1.3513,-0.0863
2023-12-29,4.0339,11.0006,1.3474,-0.0648
2023-12-30,3.9897,10.9019,1.3474,-0.075
2023-12-31,3.9901,10.7811,1.3474,-0.0749
2024-01-01,4.0958,11.2534,1.3474,-0.0505
2024-01-02,4.0654,11.1032,1.3398,-0.0575
2024-01-03,4.0304,10.3581,1.3289,-0.0656
2024-01-04,4.1173,10.6862,1.3246,-0.0455
2024-01-05,4.0522,10.3614,1.3264,-0.0606
2024-01-06,4.009,10.0335,1.3264,-0.0706
2024-01-07,3.9844,9.7591,1.3264,-0.0763
2024-01-08,4.0395,10.38,1.3454,-0.0635
2024-01-09,4.0746,10.1454,1.3433,-0.0554
2024-01-10,4.0736,10.8459,1.3509,-0.0556
2024-01-11,4.0551,10.956,1.3503,-0.0599
2024-01-12,4.0491,10.2725,1.3513,-0.0613
2024-01-13,4.0854,10.4205,1.3513,-0.0529
2024-01-14,4.0679,10.2306,1.3513,-0.0569
2024-01-15,4.1406,10.4135,1.3513,-0.0401
2024-01-16,4.1522,10.5036,1.3463,-0.0374
2024-01-17,4.1835,10.4774,1.3388,-0.0301
2024-01-18,4.2087,10.0468,1.3507,-0.0243
2024-01-19,4.2145,10.1041,1.3676,-0.0229
2024-01-20,4.055,10.2474,1.3676,-0.0599
2024-01-21,4.0939,10.1091,1.3676,-0.0509
2024-01-22,4.127,9.5164,1.3705,-0.0432
2024-01-23,4.1096,9.4568,1.3744,-0.0472
2024-01-24,4.0935,9.5349,1.376,-0.051
2024-01-25,4.1088,9.4021,1.3834,-0.0474
2024-01-26,4.0684,9.7769,1.3817,-0.0568
2024-01-27,4.0533,9.8547,1.3817,-0.0603
2024-01-28,3.9751,9.9255,1.3817,-0.0784
2024-01-29,3.9553,10.2789,1.3926,-0.083
2024-01-30,4.0061,10.1618,1.3915,-0.0712
2024-01-31,4.0387,9.91,1.3688,-0.0637
2024-02-01,4.0055,10.1233,1.3868,-0.0714
2024-02-02,4.004,10.3232,1.4013,-0.0717
2024-02-03,3.9824,10.2441,1.4013,-0.0767
2024-02-04,4.0578,10.1246,1.4013,-0.0593
2024-02-05,4.0913,10.1745,1.3962,-0.0515
2024-02-06,4.0883,10.2059,1.4003,-0.0522
2024-02-07,4.1029,10.4481,1.412,-0.0488
2024-02-08,4.0636,10.5633,1.4126,-0.0579
2024-02-09,4.0249,10.8815,1.4208,-0.0669
2024-02-10,4.0348,11.042,1.4208,-0.0646
2024-02-11,4.0464,11.0405,1.4208,-0.0619
2024-02-12,4.0429,11.378,1.4201,-0.0627
2024-02-13,4.0284,11.2309,1.4006,-0.0661
2024-02-14,4.0124,11.7071,1.4133,-0.0698
2024-02-15,4.0361,11.8622,1.4231,-0.0643
2024-02-16,4.034,11.7632,1.416,-0.0648
2024-02-17,4.0613,11.6763,1.416,-0.0585
2024-02-18,4.0438,11.8458,1.416,-0.0625
2024-02-19,3.9935,11.9482,1.416,-0.0742
2024-02-20,4.0212,11.8009,1.4082,-0.0677
2024-02-21,4.0432,11.61,1.4095,-0.0626
2024-02-22,4.0268,11.4677,1.4386,-0.0665
2024-02-23,4.0036,11.358,1.4396,-0.0718
2024-02-24,4.0036,11.6429,1.4396,-0.0718
2024-02-25,4.0502,11.7403,1.4396,-0.061
2024-02-26,4.0738,12.174,1.4343,-0.0556
2024-02-27,3.9866,12.4507,1.437,-0.0758
2024-02-28,3.959,13.0862,1.4351,-0.0822
2024-02-29,3.9014,13.1555,1.4403,-0.0955
2024-03-01,3.9917,13.8847,1.4538,-0.0746
2024-03-02,3.8833,14.3088,1.4538,-0.0997
2024-03-03,4.0244,14.3763,1.4538,-0.067
2024-03-04,4.1496,15.0357,1.4522,-0.038
2024-03-05,4.1902,13.8915,1.4377,-0.0286
2024-03-06,4.2291,14.7074,1.445,-0.0196
2024-03-07,4.1819,15.1724,1.4593,-0.0305
2024-03-08,4.2417,15.2645,1.4506,-0.0166
2024-03-09,4.281,15.4532,1.4506,-0.0075
2024-03-10,4.1733,15.4722,1.4506,-0.0325
2024-03-11,4.1136,16.4896,1.4493,-0.0463
2024-03-12,4.1148,16.3905,1.4649,-0.046
2024-03-13,4.1189,16.9922,1.4626,-0.0451
2024-03-14,4.1221,16.9758,1.4597,-0.0443
2024-03-15,4.2382,16.6568,1.4497,-0.0174
2024-03-16,4.1539,15.4165,1.4497,-0.037
2024-03-17,4.1496,16.1653,1.4497,-0.038
2024-03-18,4.0397,15.9176,1.4583,-0.0635
2024-03-19,4.0318,14.2716,1.4664,-0.0653
2024-03-20,4.1442,15.6943,1.48,-0.0392
2024-03-21,4.1106,15.4672,1.4849,-0.047
2024-03-22,4.095,15.0953,1.4821,-0.0506
2024-03-23,4.125,15.2247,1.4821,-0.0437
2024-03-24,4.2162,15.8864,1.4821,-0.0225
2024-03-25,4.1832,16.3475,1.478,-0.0302
2024-03-26,4.177,16.3948,1.4753,-0.0316
2024-03-27,4.2461,16.1164,1.4877,-0.0156
2024-03-28,4.4014,16.5336,1.4874,0.0
2024-03-29,4.3847,16.561,1.4874,-0.0038
2024-03-30,4.3804,16.3131,1.4874,-0.0048
2024-03-31,4.5031,16.7954,1.4874,0.0
2024-04-01,4.4701,16.0557,1.4848,-0.0073
2024-04-02,4.3882,15.0492,1.4753,-0.0255
2024-04-03,4.4229,14.9589,1.477,-0.0178
2024-04-04,4.4068,15.229,1.4589,-0.0214
2024-04-05,4.3615,14.9631,1.4742,-0.0314
2024-04-06,4.3705,15.3001,1.4742,-0.0295
2024-04-07,4.336,15.5891,1.4742,-0.0371
2024-04-08,4.2603,16.0054,1.475,-0.0539
2024-04-09,4.2829,15.3637,1.4767,-0.0489
2024-04-10,4.381,15.5739,1.4619,-0.0271
2024-04-11,4.3712,15.4184,1.473,-0.0293
2024-04-12,4.4407,13.8824,1.4526,-0.0139
2024-04-13,4.4555,12.477,1.4526,-0.0106
2024-04-14,4.4931,13.1858,1.4526,-0.0022
2024-04-15,4.4215,12.7677,1.4344,-0.0181
2024-04-16,4.3776,12.6366,1.4318,-0.0279
2024-04-17,4.3419,12.2842,1.4233,-0.0358
2024-04-18,4.4022,12.7544,1.4204,-0.0224
2024-04-19,4.4424,12.8172,1.408,-0.0135
2024-04-20,4.3124,13.5432,1.408,-0.0423
2024-04-21,4.3626,13.4178,1.408,-0.0312
2024-04-22,4.3287,13.9459,1.421,-0.0387
2024-04-23,4.3868,13.7409,1.4378,-0.0258
2024-04-24,4.455,13.2276,1.4372,-0.0107
2024-04-25,4.5039,13.1751,1.4317,0.0
2024-04-26,4.5118,12.9347,1.4453,0.0
2024-04-27,4.4939,12.973,1.4453,-0.004
2024-04-28,4.5243,12.83,1.4453,0.0
2024-04-29,4.5063,12.8393,1.4504,-0.004
2024-04-30,4.5296,12.171,1.4274,0.0
2024-05-01,4.3437,12.3091,1.4228,-0.041
2024-05-02,4.2794,12.5142,1.4361,-0.0552
2024-05-03,4.1868,13.0621,1.4539,-0.0757
2024-05-04,4.0316,13.2797,1.4539,-0.11
2024-05-05,4.0421,13.3326,1.4539,-0.1076
2024-05-06,4.0512,13.2865,1.4689,-0.1056
2024-05-07,4.1035,12.9171,1.4705,-0.0941
2024-05-08,4.2009,12.7468,1.4706,-0.0726
2024-05-09,4.1363,13.1232,1.4791,-0.0868
2024-05-10,4.151,12.613,1.481,-0.0836
2024-05-11,4.1936,12.5424,1.481,-0.0742
2024-05-12,4.2207,12.5225,1.481,-0.0682
2024-05-13,4.2631,12.6269,1.4812,-0.0588
2024-05-14,4.2424,12.3032,1.488,-0.0634
2024-05-15,4.1904,13.1413,1.5065,-0.0749
2024-05-16,4.1386,13.1785,1.5034,-0.0863
2024-05-17,4.1499,13.7024,1.5055,-0.0838
2024-05-18,4.1708,13.7386,1.5055,-0.0792
2024-05-19,4.2168,13.4795,1.5055,-0.069
2024-05-20,4.0151,14.7086,1.5072,-0.1136
2024-05-21,3.8744,14.7291,1.5109,-0.1446
2024-05-22,3.8789,14.4608,1.5066,-0.1437
2024-05-23,3.9053,14.2209,1.4956,-0.1378
2024-05-24,3.8361,14.2363,1.5055,-0.1531
2024-05-25,3.8285,14.4458,1.5055,-0.1548
2024-05-26,3.8541,14.2309,1.5055,-0.1491
2024-05-27,3.8808,14.6269,1.5055,-0.1432
2024-05-28,3.891,14.365,1.5065,-0.141
2024-05-29,3.8893,14.1806,1.496,-0.1414
2024-05-30,3.8962,14.0408,1.4861,-0.1398
2024-05-31,3.9129,14.0471,1.4996,-0.1362
2024-06-01,3.8953,14.1141,1.4996,-0.14
2024-06-02,3.8683,13.9661,1.4996,-0.146
2024-06-03,3.7854,14.0789,1.5008,-0.1643
2024-06-04,3.718,14.4683,1.5025,-0.1792
2024-06-05,3.7085,14.5859,1.5204,-0.1813
2024-06-06,3.6529,14.4212,1.5203,-0.1936
2024-06-07,3.6579,13.7545,1.5185,-0.1924
2024-06-08,3.6717,13.5001,1.5185,-0.1894
2024-06-09,3.6763,13.6691,1.5185,-0.1884
2024-06-10,3.6571,13.4199,1.5232,-0.1926
2024-06-11,3.6175,12.8942,1.5268,-0.2014
2024-06-12,3.6352,13.4041,1.5394,-0.1975
2024-06-13,3.6381,12.8522,1.5425,-0.1968
2024-06-14,3.6499,12.619,1.5434,-0.1942
2024-06-15,3.6307,12.7576,1.5434,-0.1984
2024-06-16,3.6639,12.907,1.5434,-0.1911
2024-06-17,3.5964,12.5279,1.5557,-0.206
2024-06-18,3.6194,12.0607,1.5597,-0.2009
2024-06-19,3.6569,12.1422,1.5597,-0.1927
2024-06-20,3.6402,12.0823,1.5554,-0.1964
2024-06-21,3.6421,12.005,1.5533,-0.1959
2024-06-22,3.7049,11.9383,1.5533,-0.1821
2024-06-23,3.6958,11.6987,1.5533,-0.1841
2024-06-24,3.6933,11.6288,1.5483,-0.1846
2024-06-25,3.6461,11.9501,1.5542,-0.1951
2024-06-26,3.6405,11.8251,1.5562,-0.1963
2024-06-27,3.5698,12.3039,1.5586,-0.2119
2024-06-28,3.5586,12.0012,1.5525,-0.2144
2024-06-29,3.5859,11.9593,1.5525,-0.2084
2024-06-30,3.5642,12.3214,1.5525,-0.2131
2024-07-01,3.5839,12.3528,1.5557,-0.2088
2024-07-02,3.5641,12.5098,1.5662,-0.2131
2024-07-03,3.6175,11.8813,1.5732,-0.2014
2024-07-04,3.6822,10.8964,1.5732,-0.1871
2024-07-05,3.6279,10.8668,1.5822,-0.1991
2024-07-06,3.5508,11.5651,1.5822,-0.2161
2024-07-07,3.5876,10.8326,1.5822,-0.208
2024-07-08,3.6115,11.1781,1.5841,-0.2027
2024-07-09,3.6019,11.3386,1.5856,-0.2048
2024-07-10,3.6202,11.3913,1.6013,-0.2008
2024-07-11,3.6625,11.2674,1.5875,-0.1914
2024-07-12,3.7264,11.5794,1.5975,-0.1773
2024-07-13,3.8518,11.9328,1.5975,-0.1496
2024-07-14,3.7824,12.1417,1.5975,-0.1649
2024-07-15,3.7036,12.8744,1.6019,-0.1824
2024-07-16,3.7704,12.8805,1.6114,-0.1676
2024-07-17,3.9057,12.7576,1.5888,-0.1377
2024-07-18,3.8026,12.5723,1.5766,-0.1605
2024-07-19,3.7916,13.0447,1.5661,-0.1629
2024-07-20,3.8417,13.2906,1.5661,-0.1519
2024-07-21,3.8549,13.7314,1.5661,-0.149
2024-07-22,3.9203,13.3705,1.5823,-0.1345
2024-07-23,3.8823,13.0208,1.5798,-0.1429
2024-07-24,3.9933,12.842,1.544,-0.1184
2024-07-25,3.9659,12.5352,1.5359,-0.1244
2024-07-26,3.9558,13.043,1.5531,-0.1267
2024-07-27,3.9561,12.9626,1.5531,-0.1266
2024-07-28,3.9774,12.8724,1.5531,-0.1219
2024-07-29,3.9342,12.799,1.554,-0.1314
2024-07-30,4.0,12.688,1.5462,-0.1169
2024-07-31,3.9923,12.3871,1.5713,-0.1186
2024-08-01,3.9288,12.2844,1.5491,-0.1326
2024-08-02,3.894,11.4592,1.5202,-0.1403
2024-08-03,3.8584,11.1874,1.5202,-0.1482
2024-08-04,3.9049,10.5448,1.5202,-0.1379
2024-08-05,4.0045,9.6531,1.4759,-0.1159
2024-08-06,4.0154,10.1485,1.4895,-0.1135
2024-08-07,4.2521,10.1286,1.4796,-0.0613
2024-08-08,4.2044,11.2154,1.5138,-0.0718
2024-08-09,4.1398,10.9021,1.5205,-0.0861
2024-08-10,4.1377,10.9187,1.5205,-0.0865
2024-08-11,4.1059,10.3858,1.5205,-0.0935
2024-08-12,4.0999,10.7928,1.5213,-0.0949
2024-08-13,4.1233,10.8245,1.5463,-0.0897
2024-08-14,4.1477,10.6076,1.5512,-0.0843
2024-08-15,4.172,10.371,1.5777,-0.0789
2024-08-16,4.1738,10.4173,1.5813,-0.0786
2024-08-17,4.2117,10.5786,1.5813,-0.0702
2024-08-18,4.1801,10.5163,1.5813,-0.0772
2024-08-19,4.2646,10.7496,1.5964,-0.0585
2024-08-20,4.2622,10.8337,1.5938,-0.059
2024-08-21,4.1496,11.208,1.5993,-0.0839
2024-08-22,4.1496,11.3425,1.5867,-0.0839
2024-08-23,4.0855,11.8862,1.6036,-0.098
2024-08-24,4.0435,12.0134,1.6036,-0.1073
2024-08-25,4.0559,11.825,1.6036,-0.1046
2024-08-26,4.0692,11.4432,1.5998,-0.1017
2024-08-27,4.1281,10.8293,1.602,-0.0886
2024-08-28,4.1444,10.7868,1.5927,-0.085
2024-08-29,4.1343,10.7282,1.5928,-0.0873
2024-08-30,4.1188,10.7442,1.608,-0.0907
2024-08-31,4.1213,10.6589,1.608,-0.0901
2024-09-01,4.1337,10.1879,1.608,-0.0874
2024-09-02,4.1138,10.5488,1.608,-0.0918
2024-09-03,4.1519,10.1704,1.5749,-0.0834
2024-09-04,4.1146,10.288,1.5717,-0.0916
2024-09-05,4.1281,10.079,1.5679,-0.0886
2024-09-06,4.0978,9.7108,1.5415,-0.0953
2024-09-07,4.0655,9.9416,1.5415,-0.1024
2024-09-08,4.0557,10.1776,1.5415,-0.1046
2024-09-09,4.0418,10.5108,1.5588,-0.1077
2024-09-10,4.046,10.5505,1.5655,-0.1068
2024-09-11,4.1044,10.448,1.5816,-0.0939
2024-09-12,4.1267,10.7021,1.5949,-0.089
2024-09-13,4.1118,11.0514,1.6033,-0.0922
2024-09-14,4.1283,11.021,1.6033,-0.0886
2024-09-15,4.1073,10.6733,1.6033,-0.0932
2024-09-16,4.0792,10.482,1.6056,-0.0994
2024-09-17,4.0788,10.5982,1.6063,-0.0995
2024-09-18,4.1119,10.8002,1.6015,-0.0922
2024-09-19,4.1042,11.1412,1.6288,-0.0939
2024-09-20,4.0971,11.3102,1.626,-0.0955
2024-09-21,4.0611,11.5487,1.626,-0.1034
2024-09-22,4.0572,11.3206,1.626,-0.1043
2024-09-23,4.0255,11.4951,1.6301,-0.1113
2024-09-24,4.0866,11.8592,1.6348,-0.0978
2024-09-25,4.0695,11.623,1.6311,-0.1016
2024-09-26,4.1123,12.11,1.6376,-0.0921
2024-09-27,4.1918,12.3304,1.6352,-0.0746
2024-09-28,4.1488,12.3627,1.6352,-0.0841
2024-09-29,4.0416,12.2933,1.6352,-0.1077
2024-09-30,3.9983,11.6788,1.6418,-0.1173
2024-10-01,3.932,11.0675,1.6271,-0.1319
2024-10-02,4.0335,10.7491,1.6278,-0.1095
2024-10-03,4.0707,10.666,1.6248,-0.1013
2024-10-04,4.1217,11.0041,1.6396,-0.0901
2024-10-05,4.1106,10.9883,1.6396,-0.0925
2024-10-06,4.1603,11.1722,1.6396,-0.0815
2024-10-07,4.1344,11.0271,1.6247,-0.0872
2024-10-08,4.1005,10.9722,1.6401,-0.0947
2024-10-09,4.1309,10.7692,1.6515,-0.088
2024-10-10,4.098,10.7587,1.6486,-0.0953
2024-10-11,4.119,11.1236,1.6584,-0.0906
2024-10-12,4.1473,11.2585,1.6584,-0.0844
2024-10-13,4.1784,11.1923,1.6584,-0.0775
2024-10-14,4.1281,11.6792,1.672,-0.0886
2024-10-15,4.1222,11.6454,1.659,-0.0899
2024-10-16,4.1422,11.6942,1.6662,-0.0855
2024-10-17,4.1421,11.5461,1.6664,-0.0855
2024-10-18,4.1982,11.845,1.6728,-0.0732
2024-10-19,4.2297,11.9712,1.6728,-0.0662
2024-10-20,4.2029,12.2577,1.6728,-0.0721
2024-10-21,4.2223,12.0399,1.67,-0.0678
2024-10-22,4.2213,11.9698,1.6691,-0.0681
2024-10-23,4.2251,11.6819,1.6539,-0.0672
2024-10-24,4.243,11.8724,1.6575,-0.0633
2024-10-25,4.2099,11.2453,1.6569,-0.0706
2024-10-26,4.2455,11.4639,1.6569,-0.0627
2024-10-27,4.3051,11.6715,1.6569,-0.0496
2024-10-28,4.4073,11.9693,1.662,-0.027
2024-10-29,4.4475,12.3499,1.6647,-0.0181
2024-10-30,4.3856,12.269,1.6597,-0.0318
2024-10-31,4.3714,11.7331,1.6271,-0.0349
2024-11-01,4.3462,11.7006,1.634,-0.0405
2024-11-02,4.3529,11.5956,1.634,-0.039
2024-11-03,4.3275,11.3043,1.634,-0.0446
2024-11-04,4.3434,11.1346,1.6305,-0.0411
2024-11-05,4.428,11.5534,1.6502,-0.0224
2024-11-06,4.5931,12.7109,1.6912,0.0
2024-11-07,4.6035,13.1012,1.7043,0.0
2024-11-08,4.6348,13.5854,1.7117,0.0
2024-11-09,4.592,14.1828,1.7117,-0.0092
2024-11-10,4.7998,15.4225,1.7117,0.0
2024-11-11,4.9757,16.7535,1.7133,0.0
2024-11-12,5.1521,16.5015,1.708,0.0
2024-11-13,5.2865,16.3924,1.7088,0.0
2024-11-14,5.1994,16.0063,1.6978,-0.0165
2024-11-15,5.4362,17.0787,1.6761,0.0
2024-11-16,5.4247,17.9977,1.6761,-0.0021
2024-11-17,5.4204,17.7214,1.6761,-0.0029
2024-11-18,5.4069,18.4592,1.683,-0.0054
2024-11-19,5.5166,18.3081,1.6891,0.0
2024-11-20,5.6544,18.2462,1.6897,0.0
2024-11-21,5.6389,19.333,1.6988,-0.0027
2024-11-22,5.8603,21.1053,1.704,0.0
2024-11-23,5.8113,21.9873,1.704,-0.0084
2024-11-24,5.7139,22.0174,1.704,-0.025
2024-11-25,5.6848,21.0756,1.7098,-0.03
2024-11-26,5.7242,20.8942,1.7187,-0.0232
2024-11-27,5.6805,22.0152,1.7135,-0.0307
2024-11-28,5.761,22.0017,1.7135,-0.0169
2024-11-29,6.0331,22.9479,1.7242,0.0
2024-11-30,6.1774,23.1833,1.7242,0.0
2024-12-01,6.5733,23.9995,1.7242,0.0
2024-12-02,6.9671,25.5436,1.7273,0.0
2024-12-03,6.5667,25.5025,1.7281,-0.0575
2024-12-04,6.3928,25.8967,1.7388,-0.0824
2024-12-05,6.4395,25.5334,1.7359,-0.0757
2024-12-06,6.494,26.5186,1.7392,-0.0679
2024-12-07,6.5474,26.7148,1.7392,-0.0602
2024-12-08,6.5085,26.9443,1.7392,-0.0658
2024-12-09,6.1832,23.7882,1.7303,-0.1125
2024-12-10,6.3396,23.6285,1.7249,-0.0901
2024-12-11,6.3201,25.0196,1.7382,-0.0929
2024-12-12,6.374,25.7755,1.7293,-0.0851
2024-12-13,6.4093,25.9341,1.7289,-0.0801
2024-12-14,6.4781,25.2896,1.7289,-0.0702
2024-12-15,6.4549,25.8729,1.7289,-0.0735
2024-12-16,6.5278,25.6096,1.7363,-0.063
2024-12-17,6.4982,25.3542,1.7292,-0.0673
2024-12-18,6.4277,23.2816,1.6776,-0.0774
2024-12-19,6.5369,21.7336,1.6771,-0.0617
2024-12-20,6.5785,22.2147,1.6972,-0.0558
2024-12-21,6.5742,21.446,1.6972,-0.0564
2024-12-22,6.5896,21.0513,1.6972,-0.0542
2024-12-23,6.6536,22.1643,1.7074,-0.045
2024-12-24,6.6393,22.8535,1.7264,-0.047
2024-12-25,6.562,22.636,1.7264,-0.0581
2024-12-26,6.5237,21.3677,1.7265,-0.0636
2024-12-27,6.4884,21.1415,1.7083,-0.0687
2024-12-28,6.3812,21.7623,1.7083,-0.0841
2024-12-29,6.3335,21.0477,1.7083,-0.0909
2024-12-30,6.2713,20.9581,1.6888,-0.0999
2024-12-31,6.257,20.839,1.6827,-0.1019
2025-01-01,6.495,21.8381,1.6827,-0.0678
2025-01-02,6.389,22.559,1.6786,-0.083
2025-01-03,6.1772,23.9155,1.6995,-0.1134
2025-01-04,6.1637,24.0134,1.6995,-0.1153
2025-01-05,6.1431,23.9273,1.6995,-0.1183
2025-01-06,6.1934,24.3392,1.7093,-0.111
2025-01-07,6.3653,22.3508,1.69,-0.0864
2025-01-08,6.4605,21.8929,1.6925,-0.0727
2025-01-09,6.4923,21.0403,1.6925,-0.0681
2025-01-10,6.4837,21.5378,1.6666,-0.0694
2025-01-11,6.6024,21.9804,1.6666,-0.0523
2025-01-12,6.6069,21.7075,1.6666,-0.0517
2025-01-13,6.717,21.3132,1.6692,-0.0359
2025-01-14,6.6956,22.1211,1.6715,-0.039
2025-01-15,6.7028,23.9733,1.7019,-0.0379
2025-01-16,6.7202,24.0401,1.6987,-0.0354
2025-01-17,6.6015,25.2265,1.7157,-0.0525
2025-01-18,6.6929,24.9436,1.7157,-0.0394
2025-01-19,6.5121,23.3461,1.7157,-0.0653
2025-01-20,6.5489,23.6315,1.7157,-0.06
2025-01-21,6.4368,24.3348,1.7314,-0.0761
2025-01-22,6.4855,23.9818,1.7411,-0.0691
2025-01-23,6.4985,23.8386,1.7506,-0.0673
2025-01-24,6.5045,23.668,1.7455,-0.0664
2025-01-25,6.4643,23.8206,1.7455,-0.0722
2025-01-26,6.3928,23.168,1.7455,-0.0824
2025-01-27,6.5034,22.785,1.7208,-0.0665
2025-01-28,6.6293,22.0282,1.7356,-0.0485
2025-01-29,6.5733,22.4166,1.7279,-0.0565
2025-01-30,6.5076,23.1513,1.7371,-0.066
2025-01-31,6.3528,23.0703,1.7279,-0.0882
2025-02-01,6.3536,21.7934,1.7279,-0.0881
2025-02-02,6.5413,19.7298,1.7279,-0.0611
2025-02-03,6.6609,20.3789,1.7163,-0.0439
2025-02-04,6.7396,19.0785,1.7278,-0.0326
2025-02-05,6.6095,18.6189,1.7348,-0.0513
2025-02-06,6.6763,18.0907,1.7408,-0.0417
2025-02-07,6.6656,18.1476,1.7249,-0.0433
2025-02-08,6.6108,18.4731,1.7249,-0.0511
2025-02-09,6.5699,18.407,1.7249,-0.057
2025-02-10,6.531,18.7172,1.7366,-0.0626
2025-02-11,6.5142,18.8107,1.7379,-0.065
2025-02-12,6.3764,19.5761,1.7323,-0.0848
2025-02-13,6.4751,19.3087,1.7506,-0.0706
2025-02-14,6.397,19.7503,1.7505,-0.0818
2025-02-15,6.4303,19.4795,1.7505,-0.077
2025-02-16,6.4453,19.1809,1.7505,-0.0749
2025-02-17,6.4144,19.145,1.7505,-0.0793
2025-02-18,6.5083,18.3862,1.7556,-0.0658
2025-02-19,6.4928,18.7469,1.7598,-0.0681
2025-02-20,6.4729,19.1376,1.7525,-0.0709
2025-02-21,6.5485,18.486,1.7225,-0.0601
2025-02-22,6.4616,18.8909,1.7225,-0.0726
2025-02-23,6.5173,18.6971,1.7225,-0.0646
2025-02-24,6.7517,16.6178,1.7146,-0.0309
2025-02-25,6.683,16.7448,1.7061,-0.0408
2025-02-26,6.6191,16.1925,1.707,-0.0499
2025-02-27,6.5576,16.3205,1.6797,-0.0588
2025-02-28,6.3481,16.1217,1.7059,-0.0888
2025-03-01,6.4094,16.2266,1.7059,-0.08
2025-03-02,5.965,19.7069,1.7059,-0.1438
2025-03-03,6.2153,16.5842,1.6761,-0.1079
2025-03-04,6.1678,16.8204,1.6562,-0.1147
2025-03-05,6.2144,17.5403,1.674,-0.108
2025-03-06,6.2373,17.3527,1.6443,-0.1047
2025-03-07,6.2365,16.6258,1.6535,-0.1049
2025-03-08,6.298,16.4357,1.6535,-0.096
2025-03-09,6.4016,14.9778,1.6535,-0.0812
2025-03-10,6.4948,14.0566,1.6095,-0.0678
2025-03-11,6.4321,14.8174,1.5961,-0.0768
2025-03-12,6.4239,15.1808,1.6046,-0.078
2025-03-13,6.5535,14.8751,1.5832,-0.0594
2025-03-14,6.4333,15.4683,1.6159,-0.0766
2025-03-15,6.5017,15.8709,1.6159,-0.0668
2025-03-16,6.5868,15.2283,1.6159,-0.0546
2025-03-17,6.6361,15.6358,1.6283,-0.0475
2025-03-18,6.6922,15.4823,1.6107,-0.0395
2025-03-19,6.5348,16.3379,1.6283,-0.062
2025-03-20,6.7092,15.7251,1.6236,-0.037
2025-03-21,6.75,15.6897,1.6241,-0.0312
2025-03-22,6.6946,15.7007,1.6241,-0.0391
2025-03-23,6.6199,15.9861,1.6241,-0.0498
2025-03-24,6.5379,16.6079,1.6532,-0.0616
2025-03-25,6.4643,16.8862,1.6572,-0.0722
2025-03-26,6.4198,16.577,1.6374,-0.0786
2025-03-27,6.5482,16.6196,1.633,-0.0601
2025-03-28,6.624,15.6824,1.6002,-0.0492
2025-03-29,6.6799,15.0698,1.6002,-0.0412
2025-03-30,6.7122,14.9003,1.6002,-0.0366
2025-03-31,6.7065,14.9003,1.6109,-0.0374
2025-04-01,6.5996,15.3879,1.6154,-0.0527
2025-04-02,6.6664,14.5028,1.6257,-0.0432
2025-04-03,6.6796,14.5856,1.5456,-0.0413
2025-04-04,6.5912,14.8382,1.4551,-0.054
2025-04-05,6.6206,14.7004,1.4551,-0.0497
2025-04-06,6.8154,13.1911,1.4551,-0.0218
2025-04-07,6.7803,13.2764,1.4525,-0.0268
2025-04-08,6.8161,12.7464,1.4297,-0.0217
2025-04-09,6.601,14.2553,1.5799,-0.0525
2025-04-10,6.6738,13.68,1.5106,-0.0421
2025-04-11,6.661,14.2086,1.5376,-0.0439
2025-04-12,6.6035,14.9151,1.5376,-0.0522
2025-04-13,6.6075,14.5114,1.5376,-0.0516
2025-04-14,6.618,14.5575,1.5525,-0.0501
2025-04-15,6.6457,14.1554,1.5482,-0.0461
2025-04-16,6.6495,14.235,1.5138,-0.0456
2025-04-17,6.6731,14.3875,1.5159,-0.0422
2025-04-18,6.6149,14.4513,1.5159,-0.0505
2025-04-19,6.5561,14.7441,1.5159,-0.059
2025-04-20,6.5648,14.6677,1.5159,-0.0577
2025-04-21,6.666,14.7338,1.4798,-0.0432
2025-04-22,6.6377,15.9507,1.5183,-0.0473
2025-04-23,6.5956,16.1703,1.5419,-0.0533
2025-04-24,6.5524,16.3073,1.5743,-0.0595
2025-04-25,6.5571,16.25,1.5857,-0.0588
2025-04-26,6.5041,16.2925,1.5857,-0.0665
2025-04-27,6.4511,16.1026,1.5857,-0.0741
2025-04-28,6.4397,16.2658,1.5863,-0.0757
2025-04-29,6.4539,16.0251,1.5963,-0.0737
2025-04-30,6.5042,15.8262,1.5969,-0.0664
2025-05-01,6.5235,16.2366,1.6082,-0.0637
2025-05-02,6.4987,16.1622,1.6321,-0.0672
2025-05-03,6.4786,15.9104,1.6321,-0.0701
2025-05-04,6.4861,15.5326,1.6321,-0.069
2025-05-05,6.4666,15.521,1.6228,-0.0718
2025-05-06,6.4954,15.6953,1.6092,-0.0677
2025-05-07,6.5027,15.6235,1.616,-0.0667
2025-05-08,6.4659,17.5297,1.6272,-0.0719
2025-05-09,6.5027,18.1938,1.6251,-0.0667
2025-05-10,6.6543,19.6361,1.6251,-0.0449
2025-05-11,6.6542,18.9782,1.6251,-0.0449
2025-05-12,6.5466,19.1165,1.6789,-0.0603
2025-05-13,6.7213,19.7535,1.6899,-0.0353
2025-05-14,6.667,19.2127,1.6921,-0.0431
2025-05-15,6.6249,18.4313,1.7004,-0.0491
2025-05-16,6.6444,18.3393,1.7111,-0.0463
2025-05-17,6.5913,17.9624,1.7111,-0.0539
2025-05-18,6.6666,18.6438,1.7111,-0.0431
2025-05-19,6.6564,18.2478,1.713,-0.0446
2025-05-20,6.6755,18.3296,1.7072,-0.0419
2025-05-21,6.6537,18.8057,1.6785,-0.045
2025-05-22,6.7473,19.5453,1.6791,-0.0315
2025-05-23,6.6878,18.3308,1.6677,-0.0401
2025-05-24,6.6345,18.4099,1.6677,-0.0477
2025-05-25,6.6371,18.533,1.6677,-0.0474
2025-05-26,6.6559,18.4825,1.6677,-0.0447
2025-05-27,6.6826,18.7058,1.7024,-0.0408
2025-05-28,6.6823,18.5414,1.6925,-0.0409
2025-05-29,6.6614,17.9697,1.6992,-0.0439
2025-05-30,6.6348,16.9677,1.6973,-0.0477
2025-05-31,6.5877,17.0468,1.6973,-0.0544
2025-06-01,6.5886,17.106,1.6973,-0.0543
2025-06-02,6.6336,17.2684,1.7068,-0.0479
2025-06-03,6.5629,17.2254,1.7166,-0.058
2025-06-04,6.5993,16.9171,1.7161,-0.0528
2025-06-05,6.5195,15.9341,1.7078,-0.0642
2025-06-06,6.4119,16.4518,1.7254,-0.0797
2025-06-07,6.407,16.8124,1.7254,-0.0804
2025-06-08,6.4058,16.9185,1.7254,-0.0806
2025-06-09,6.3588,17.6734,1.7269,-0.0873
2025-06-10,6.2913,18.103,1.7367,-0.097
2025-06-11,6.3499,17.695,1.7318,-0.0886
2025-06-12,6.4419,16.8823,1.7386,-0.0754
2025-06-13,6.4502,16.503,1.7192,-0.0742
2025-06-14,6.4585,16.2337,1.7192,-0.073
2025-06-15,6.4712,16.402,1.7192,-0.0712
2025-06-16,6.5024,16.47,1.7356,-0.0667
2025-06-17,6.5311,16.0706,1.7207,-0.0626
2025-06-18,6.5852,15.9844,1.7205,-0.0548
2025-06-19,6.6151,15.9393,1.7205,-0.0505
2025-06-20,6.6765,15.4063,1.7164,-0.0417
2025-06-21,6.719,14.8809,1.7164,-0.0356
2025-06-22,6.7571,14.5097,1.7164,-0.0301
2025-06-23,6.6649,15.6713,1.7334,-0.0434
2025-06-24,6.6643,15.8389,1.7525,-0.0435
2025-06-25,6.71,15.623,1.7535,-0.0369
2025-06-26,6.7719,15.3389,1.7672,-0.028
2025-06-27,6.7354,15.5155,1.776,-0.0333
2025-06-28,6.6971,15.8,1.776,-0.0388
2025-06-29,6.5982,16.1773,1.776,-0.0529
2025-06-30,6.6992,15.9584,1.7845,-0.0385
2025-07-01,6.7801,15.3872,1.7839,-0.0268
2025-07-02,6.6137,16.2234,1.792,-0.0507
2025-07-03,6.6047,16.3627,1.8061,-0.052
2025-07-04,6.7045,15.8184,1.8061,-0.0377
2025-07-05,6.6988,15.8694,1.8061,-0.0385
2025-07-06,6.7001,16.2049,1.8061,-0.0383
2025-07-07,6.7129,16.0371,1.7927,-0.0365
2025-07-08,6.6837,16.3352,1.7917,-0.0407
2025-07-09,6.5995,17.0206,1.8024,-0.0528
2025-07-10,6.4979,18.0424,1.8075,-0.0673
2025-07-11,6.5969,18.3721,1.8012,-0.0531
2025-07-12,6.6104,18.2477,1.8012,-0.0512
2025-07-13,6.6008,18.6262,1.8012,-0.0526
2025-07-14,6.6747,18.7335,1.8046,-0.042
2025-07-15,6.4737,19.0325,1.7969,-0.0708
2025-07-16,6.4983,19.7256,1.8029,-0.0673
2025-07-17,6.5633,20.6645,1.8139,-0.058
2025-07-18,6.5491,20.7707,1.8126,-0.06
2025-07-19,6.5696,21.1391,1.8126,-0.057
2025-07-20,6.6131,21.8998,1.8126,-0.0508
2025-07-21,6.6358,22.302,1.816,-0.0475
2025-07-22,6.5491,22.5993,1.8163,-0.06
2025-07-23,6.3707,21.0487,1.8318,-0.0856
2025-07-24,6.404,20.7478,1.8324,-0.0808
2025-07-25,6.4042,21.0218,1.8401,-0.0808
2025-07-26,6.4082,21.1644,1.8401,-0.0802
2025-07-27,6.4526,21.8152,1.8401,-0.0738
2025-07-28,6.4488,20.9166,1.8396,-0.0744
2025-07-29,6.4673,20.7253,1.8348,-0.0717
2025-07-30,6.4857,20.4006,1.8325,-0.0691
2025-07-31,6.4671,19.7952,1.8256,-0.0718
2025-08-01,6.4148,19.0233,1.7957,-0.0793
2025-08-02,6.3029,18.4467,1.7957,-0.0953
2025-08-03,6.3873,19.0552,1.7957,-0.0832
2025-08-04,6.5163,19.8935,1.823,-0.0647
2025-08-05,6.4568,19.2336,1.8137,-0.0732
2025-08-06,6.4758,19.5794,1.8276,-0.0705
2025-08-07,6.6438,20.7789,1.8261,-0.0464
2025-08-08,6.6688,21.1728,1.8403,-0.0428
2025-08-09,6.738,21.7909,1.8403,-0.0329
2025-08-10,6.6757,21.7446,1.8403,-0.0418
2025-08-11,6.698,21.1122,1.8367,-0.0386
2025-08-12,6.8293,22.552,1.8562,-0.0198
2025-08-13,6.8136,23.3224,1.8626,-0.022
2025-08-14,6.8067,22.2298,1.8628,-0.023
2025-08-15,6.7536,22.0132,1.8584,-0.0306
2025-08-16,6.785,22.2674,1.8584,-0.0261
2025-08-17,6.973,22.8869,1.8584,0.0
2025-08-18,6.9618,22.2303,1.858,-0.0016
2025-08-19,6.8464,20.9861,1.8479,-0.0182
2025-08-20,7.073,22.1361,1.843,0.0
2025-08-21,6.9956,21.4189,1.8356,-0.0109
2025-08-22,7.0634,23.4498,1.8638,-0.0013
2025-08-23,7.0641,23.3512,1.8638,-0.0012
2025-08-24,7.0842,23.1101,1.8638,0.0
2025-08-25,7.0293,21.3769,1.8556,-0.0078
2025-08-26,7.0333,22.2059,1.8634,-0.0072
2025-08-27,6.9776,22.0681,1.8676,-0.0151
2025-08-28,7.0186,22.6027,1.8742,-0.0093
2025-08-29,6.985,21.6336,1.8631,-0.014
2025-08-30,6.988,21.6701,1.8631,-0.0136
2025-08-31,7.006,21.4523,1.8631,-0.011
2025-09-01,6.9093,21.163,1.8631,-0.0247
2025-09-02,6.8965,21.8573,1.8493,-0.0265
2025-09-03,6.9614,22.1151,1.8593,-0.0173
2025-09-04,6.8489,21.451,1.8748,-0.0332
2025-09-05,6.8433,21.657,1.8694,-0.034
2025-09-06,6.817,21.5515,1.8694,-0.0377
2025-09-07,6.8486,22.069,1.8694,-0.0333
2025-09-08,6.9057,22.5816,1.874,-0.0252
2025-09-09,6.955,22.691,1.8783,-0.0182
2025-09-10,6.985,23.3853,1.8837,-0.014
2025-09-11,7.03,23.8072,1.8994,-0.0077
2025-09-12,7.0858,24.5445,1.8988,0.0
2025-09-13,7.1464,24.8807,1.8988,0.0
2025-09-14,7.1474,24.3066,1.8988,0.0
2025-09-15,7.1334,23.876,1.9089,-0.002
2025-09-16,7.1224,24.1716,1.9062,-0.0035
2025-09-17,7.2664,24.8875,1.9039,0.0
2025-09-18,7.4654,25.318,1.9128,0.0
2025-09-19,7.3957,24.5261,1.9222,-0.0093
2025-09-20,7.3803,24.6508,1.9222,-0.0114
2025-09-21,7.372,24.4228,1.9222,-0.0125
2025-09-22,7.3875,23.2625,1.9313,-0.0104
2025-09-23,7.3454,23.0478,1.9208,-0.0161
2025-09-24,7.226,23.117,1.9147,-0.0321
2025-09-25,7.0239,21.4886,1.9059,-0.0591
2025-09-26,6.91,22.1966,1.9168,-0.0744
2025-09-27,6.9346,22.096,1.9168,-0.0711
2025-09-28,6.9291,22.7623,1.9168,-0.0718
2025-09-29,6.9906,22.9809,1.9222,-0.0636
2025-09-30,6.9862,22.6685,1.9294,-0.0642
2025-10-01,6.8681,23.7127,1.936,-0.08
2025-10-02,6.9461,24.531,1.9382,-0.0696
2025-10-03,7.1619,24.7468,1.9382,-0.0407
2025-10-04,7.0833,24.1756,1.9382,-0.0512
2025-10-05,7.1005,24.2167,1.9382,-0.0489
2025-10-06,7.0617,25.0882,1.9452,-0.0541
2025-10-07,7.2966,23.978,1.9379,-0.0226
2025-10-08,7.2401,24.4851,1.9495,-0.0302
2025-10-09,7.2456,23.8115,1.9438,-0.0295
2025-10-10,7.2474,19.4945,1.8913,-0.0292
2025-10-11,7.3418,19.3651,1.8913,-0.0166
2025-10-12,7.4261,21.1815,1.8913,-0.0053
2025-10-13,7.376,21.8256,1.9203,-0.012
2025-10-14,7.3164,20.9908,1.918,-0.02
2025-10-15,7.3209,20.1847,1.9265,-0.0194
2025-10-16,7.3505,19.4991,1.9134,-0.0154
2025-10-17,7.3459,18.895,1.9242,-0.016
2025-10-18,7.314,19.2385,1.9242,-0.0203
2025-10-19,7.2744,19.6179,1.9242,-0.0256
2025-10-20,7.2844,20.0067,1.9443,-0.0242
2025-10-21,7.3151,19.3785,1.9442,-0.0201
2025-10-22,7.403,18.9959,1.9341,-0.0084
2025-10-23,7.4576,19.4973,1.9456,-0.001
2025-10-24,7.3761,19.841,1.9615,-0.012
2025-10-25,7.3677,19.9834,1.9615,-0.0131
2025-10-26,7.2882,20.6843,1.9615,-0.0237
2025-10-27,7.3589,20.4239,1.9846,-0.0143
2025-10-28,7.423,19.8881,1.9899,-0.0057
2025-10-29,7.3294,19.7945,1.9909,-0.0182
2025-10-30,7.5249,18.8258,1.969,0.0
2025-10-31,7.5537,19.0911,1.9754,0.0
2025-11-01,7.4644,19.2259,1.9754,-0.0118
2025-11-02,7.4375,19.342,1.9754,-0.0154
2025-11-03,7.7145,17.4292,1.9791,0.0
2025-11-04,7.6498,16.599,1.9557,-0.0084
2025-11-05,7.5429,17.2636,1.9624,-0.0222
2025-11-06,7.5331,16.7447,1.9414,-0.0235
2025-11-07,7.0479,18.0349,1.9433,-0.0864
2025-11-08,7.027,17.8371,1.9433,-0.0891
2025-11-09,7.1036,18.2552,1.9433,-0.0792
2025-11-10,7.1578,18.5914,1.9736,-0.0722
2025-11-11,7.2545,17.5843,1.9781,-0.0596
2025-11-12,7.3174,17.3646,1.9792,-0.0515
2025-11-13,7.3526,16.7879,1.9464,-0.0469
2025-11-14,7.373,16.0686,1.9461,-0.0443
2025-11-15,7.337,16.3217,1.9461,-0.0489
2025-11-16,7.3646,15.9989,1.9461,-0.0454
2025-11-17,7.4462,15.454,1.9279,-0.0348
2025-11-18,7.3474,15.9674,1.9118,-0.0476
2025-11-19,7.3377,15.4887,1.9191,-0.0488
2025-11-20,7.2474,14.7823,1.8899,-0.0606
2025-11-21,7.2398,14.1411,1.9087,-0.0615
2025-11-22,7.2474,14.0916,1.9087,-0.0606
2025-11-23,7.2954,14.3368,1.9087,-0.0543
2025-11-24,7.3705,14.9924,1.9368,-0.0446
2025-11-25,7.3074,14.9654,1.955,-0.0528
2025-11-26,7.2071,15.3941,1.9685,-0.0658
2025-11-27,7.1785,15.3323,1.9685,-0.0695
2025-11-28,7.2386,15.1221,1.9793,-0.0617
2025-11-29,7.2581,14.9496,1.9793,-0.0592
2025-11-30,7.2699,14.7958,1.9793,-0.0576
2025-12-01,7.2839,13.8392,1.9702,-0.0558
2025-12-02,7.103,14.9911,1.9739,-0.0793
2025-12-03,7.0935,15.7577,1.9807,-0.0805
2025-12-04,7.0916,15.2919,1.9822,-0.0808
2025-12-05,7.1532,14.6055,1.9859,-0.0728
2025-12-06,7.2246,14.6555,1.9859,-0.0635
2025-12-07,7.1962,14.642,1.9859,-0.0672
2025-12-08,7.1349,14.8726,1.98,-0.0751
2025-12-09,6.9904,15.5547,1.9783,-0.0939
2025-12-10,7.0291,15.2254,1.9914,-0.0889
2025-12-11,7.1115,14.8719,1.996,-0.0782
2025-12-12,7.1372,14.4836,1.9745,-0.0748
2025-12-13,7.1569,14.6358,1.9745,-0.0723
2025-12-14,7.2222,14.2022,1.9745,-0.0638
2025-12-15,7.2164,13.7992,1.9716,-0.0646
2025-12-16,7.2699,13.9055,1.9662,-0.0576
2025-12-17,7.2977,13.3272,1.9445,-0.054
2025-12-18,7.3892,12.9996,1.9592,-0.0422
2025-12-19,7.3063,13.7205,1.977,-0.0529
2025-12-20,7.3451,13.7042,1.977,-0.0479
2025-12-21,7.4321,13.6399,1.977,-0.0366
2025-12-22,7.4255,13.6896,1.9893,-0.0375
2025-12-23,7.4363,13.4653,1.9984,-0.0361
2025-12-24,7.4936,13.3678,2.0054,-0.0286
2025-12-25,7.5899,13.0991,2.0054,-0.0162
2025-12-26,7.5819,13.2308,2.0052,-0.0172
2025-12-27,7.3719,13.6314,2.0052,-0.0444
2025-12-28,7.4381,13.5929,2.0052,-0.0358
2025-12-29,7.4558,13.3895,1.9981,-0.0335
2025-12-30,7.5099,13.5071,1.9956,-0.0265
2025-12-31,7.6017,13.2606,1.9808,-0.0146
2026-01-01,7.2831,13.8753,1.9808,-0.0559
2026-01-02,6.9839,14.6591,1.9845,-0.0947
2026-01-03,7.003,14.6783,1.9845,-0.0922
2026-01-04,6.9095,14.9425,1.9845,-0.1044
2026-01-05,6.8708,15.5179,1.9977,-0.1094
2026-01-06,6.9515,15.5937,2.0096,-0.0989
2026-01-07,6.9457,15.0198,2.0031,-0.0997
2026-01-08,6.9613,14.8246,2.0029,-0.0976
2026-01-09,6.9242,14.6863,2.0161,-0.1025
2026-01-10,6.929,14.6801,2.0161,-0.1018
2026-01-11,6.9608,14.7023,2.0161,-0.0977
2026-01-12,6.9754,14.6134,2.0193,-0.0958
2026-01-13,6.8611,15.6567,2.0153,-0.1106
2026-01-14,6.8767,15.6297,2.0054,-0.1086
2026-01-15,6.8916,15.113,2.0108,-0.1067
2026-01-16,6.859,15.0898,2.0091,-0.1109
2026-01-17,6.8811,15.1485,2.0091,-0.108
2026-01-18,6.9564,14.628,2.0091,-0.0983
2026-01-19,6.9272,14.3404,2.0091,-0.1021
2026-01-20,6.8642,13.5602,1.9682,-0.1102
2026-01-21,6.812,13.8714,1.991,-0.117
2026-01-22,6.8291,13.7271,2.0014,-0.1148
2026-01-23,6.8296,13.7231,2.0021,-0.1147
2026-01-24,6.8264,13.6774,2.0021,-0.1151
2026-01-25,6.8853,13.0557,2.0021,-0.1075
2026-01-26,6.8395,13.4606,2.0122,-0.1134
2026-01-27,6.8365,13.7152,2.0203,-0.1138
2026-01-28,6.8903,13.6335,2.0201,-0.1068
2026-01-29,6.9438,12.7938,2.0161,-0.0999
2026-01-30,6.9466,12.5075,2.01,-0.0995
2026-01-31,6.93,11.4887,2.01,-0.1017
2026-02-01,6.9628,11.1137,2.01,-0.0974
2026-02-02,6.9173,11.4535,2.02,-0.1033
2026-02-03,6.9287,11.0514,2.003,-0.1019
2026-02-04,6.7786,10.6779,1.9933,-0.1213
2026-02-05,6.7571,9.0739,1.9684,-0.1241
2026-02-06,6.5159,10.2133,2.0061,-0.1554
2026-02-07,6.4937,10.1482,2.0061,-0.1583
2026-02-08,6.4917,10.0753,2.0061,-0.1585
2026-02-09,6.4618,10.044,2.0158,-0.1624
2026-02-10,6.4952,9.7329,2.0105,-0.1581
2026-02-11,6.5195,9.4829,2.01,-0.1549
2026-02-12,6.5196,9.5818,1.979,-0.1549
2026-02-13,6.4082,9.9564,1.9804,-0.1693
2026-02-14,6.2815,10.5144,1.9804,-0.1858
2026-02-15,6.3233,10.1133,1.9804,-0.1803
2026-02-16,6.326,10.1876,1.9804,-0.18
2026-02-17,6.3291,10.0619,1.9835,-0.1796
2026-02-18,6.3783,9.7945,1.9935,-0.1732
2026-02-19,6.4142,9.78,1.9883,-0.1686
2026-02-20,6.4484,10.0552,2.0027,-0.1641
2026-02-21,6.3795,10.0332,2.0027,-0.1731
2026-02-22,6.3391,9.7995,2.0027,-0.1783
2026-02-23,6.4168,9.3845,1.9822,-0.1682
2026-02-24,6.3521,9.3146,1.9966,-0.1766
2026-02-25,6.3978,10.506,2.0135,-0.1707
2026-02-26,6.3449,10.2868,2.0023,-0.1775
2026-02-27,6.4251,9.9549,1.9927,-0.1671
2026-02-28,6.4363,10.1439,1.9927,-0.1657
2026-03-01,6.3114,9.9171,1.9927,-0.1819
2026-03-02,6.1795,10.1625,1.9938,-0.199
2026-03-03,6.1349,10.0196,1.9762,-0.2048
2026-03-04,6.0553,10.5441,1.9902,-0.2151
2026-03-05,6.0751,10.3051,1.9791,-0.2125
2026-03-06,6.0382,9.9353,1.9531,-0.2173
2026-03-07,6.023,9.8007,1.9531,-0.2193
2026-03-08,6.0251,9.669,1.9531,-0.219
2026-03-09,6.0476,9.9702,1.9702,-0.2161
2026-03-10,5.9912,10.1681,1.9671,-0.2234
2026-03-11,6.0164,10.2139,1.9646,-0.2201
2026-03-12,5.9992,10.2735,1.9348,-0.2224
2026-03-13,5.9318,10.3173,1.9238,-0.2311
2026-03-14,5.8952,10.2959,1.9238,-0.2358
2026-03-15,5.8767,10.5787,1.9238,-0.2382
2026-03-16,5.9216,11.2176,1.9434,-0.2324
2026-03-17,5.8893,11.0368,1.9485,-0.2366
2026-03-18,5.8871,10.5579,1.9213,-0.2369
2026-03-19,5.8624,10.3389,1.9166,-0.2401
2026-03-20,5.8436,10.3699,1.8891,-0.2425
2026-03-21,5.8489,10.0708,1.8891,-0.2418
2026-03-22,5.8488,9.8992,1.8891,-0.2418
2026-03-23,5.8171,10.305,1.909,-0.2459
2026-03-24,5.7675,10.319,1.9025,-0.2524
2026-03-25,5.7134,10.3792,1.9131,-0.2594
2026-03-26,5.734,9.9166,1.879,-0.2567
2026-03-27,5.7142,9.6057,1.8469,-0.2593
2026-03-28,5.697,9.5598,1.8469,-0.2615
2026-03-29,5.707,9.4832,1.8469,-0.2602
2026-03-30,5.7425,9.5768,1.8408,-0.2556
2026-03-31,5.8051,9.7194,1.8943,-0.2475
2026-04-01,5.8259,9.7757,1.9085,-0.2448
2026-04-02,5.7899,9.4873,1.9103,-0.2495
2026-04-03,5.7689,9.5714,1.9103,-0.2522
2026-04-04,5.7608,9.6288,1.9103,-0.2533
2026-04-05,5.7847,9.7327,1.9103,-0.2502
2026-04-06,5.7897,9.6535,1.9193,-0.2495
2026-04-07,5.7652,10.1918,1.9201,-0.2527
2026-04-08,5.7967,9.8499,1.969,-0.2486
2026-04-09,5.7516,9.9497,1.9804,-0.2545
2026-04-10,5.7888,10.0654,1.9791,-0.2496
2026-04-11,5.8206,10.0437,1.9791,-0.2455
2026-04-12,5.8153,9.681,1.9791,-0.2462
2026-04-13,5.9224,10.1755,1.9984,-0.2323
2026-04-14,5.9477,9.927,2.0228,-0.229
2026-04-15,5.9404,10.099,2.0387,-0.23
2026-04-16,5.7741,10.508,2.0438,-0.2515
2026-04-17,5.848,10.6099,2.0685,-0.2419
2026-04-18,5.9028,10.2585,2.0685,-0.2348
2026-04-19,5.8953,9.9767,2.0685,-0.2358
2026-04-20,5.8865,10.2229,2.0643,-0.237
2026-04-21,5.8971,10.2799,2.0508,-0.2356
2026-04-22,5.9804,10.3253,2.0716,-0.2248
2026-04-23,5.9849,10.3141,2.0635,-0.2242
2026-04-24,5.9407,10.3183,2.0795,-0.2299
2026-04-25,5.9555,10.2835,2.0795,-0.228
2026-04-26,5.9753,10.4089,2.0795,-0.2255
2026-04-27,5.9694,10.2151,2.0831,-0.2262
2026-04-28,5.9534,10.1423,2.073,-0.2283
2026-04-29,5.956,10.0908,2.0726,-0.228
2026-04-30,5.9684,10.1132,2.0933,-0.2263
2026-05-01,6.0256,10.2009,2.0991,-0.2189
2026-05-02,6.0071,10.2827,2.0991,-0.2213
2026-05-03,6.0179,10.2404,2.0991,-0.2199
2026-05-04,6.0368,10.3519,2.0914,-0.2175
2026-05-05,6.0505,10.6389,2.1082,-0.2157
2026-05-06,5.9447,10.79,2.1375,-0.2294
2026-05-07,5.8998,10.5921,2.1309,-0.2352
2026-05-08,5.7896,10.8935,2.1485,-0.2495
2026-05-09,5.829,10.8992,2.1485,-0.2444
2026-05-10,5.798,11.2222,2.1485,-0.2484
2026-05-11,5.8051,11.1681,2.1534,-0.2475
2026-05-12,5.848,10.9053,2.1501,-0.2419
2026-05-13,5.8988,10.8265,2.1622,-0.2354
2026-05-14,5.8968,11.0488,2.1792,-0.2356
2026-05-15,5.9077,10.7375,2.153,-0.2342
2026-05-16,5.8676,10.4624,2.153,-0.2394
2026-05-17,5.893,10.3249,2.153,-0.2361
2026-05-18,5.82,10.2727,2.1515,-0.2456
2026-05-19,5.8008,10.14,2.1372,-0.2481
2026-05-20,5.7941,10.2657,2.1591,-0.2489
2026-05-21,5.8379,10.3883,2.1634,-0.2433
2026-05-22,5.8636,10.0968,2.1719,-0.2399
2026-05-23,5.826,10.2724,2.1719,-0.2448
2026-05-24,5.8398,10.1636,2.1719,-0.243
2026-05-25,5.847,10.2161,2.1719,-0.2421
2026-05-26,5.868,10.0639,2.1863,-0.2394
2026-05-27,5.9003,9.9093,2.1859,-0.2352
2026-05-28,5.862,9.8133,2.198,-0.2401
2026-05-29,5.8817,9.8012,2.2034,-0.2376
2026-05-30,6.0912,9.9836,2.2034,-0.2104
2026-05-31,6.0782,9.9498,2.2034,-0.2121
2026-06-01,6.0648,9.7981,2.2094,-0.2139
2026-06-02,6.0869,9.0782,2.2124,-0.211
2026-06-03,6.0979,8.8814,2.1969,-0.2096
2026-06-04,6.1848,8.5223,2.2052,-0.1983
2026-06-05,6.3609,7.8016,2.1483,-0.1755
2026-06-06,6.3716,7.788,2.1483,-0.1741
2026-06-07,6.3358,8.1802,2.1483,-0.1787
2026-06-08,6.3087,8.2285,2.1532,-0.1822
2026-06-09,6.3374,8.0458,2.1468,-0.1785
2026-06-10,6.3122,7.8418,2.113,-0.1818
2026-06-11,6.2939,8.1652,2.1489,-0.1842
2026-06-12,6.2954,8.1423,2.1605,-0.184
2026-06-13,6.2816,8.2865,2.1605,-0.1857
2026-06-14,6.2431,8.4884,2.1605,-0.1907
2026-06-15,6.3392,8.612,2.1986,-0.1783
2026-06-16,6.3214,8.5221,2.1855,-0.1806
2026-06-17,6.3454,8.3604,2.1582,-0.1775
2026-06-18,6.3737,8.1091,2.1807,-0.1738
2026-06-19,6.4887,8.0439,2.1807,-0.1589
2026-06-20,6.4061,8.1838,2.1807,-0.1696
2026-06-21,6.4471,8.0168,2.1807,-0.1643
2026-06-22,6.4296,8.0741,2.1738,-0.1666
2026-06-23,6.3395,7.888,2.1422,-0.1782
2026-06-24,6.3055,7.6868,2.1412,-0.1826
2026-06-25,6.3537,7.4947,2.1443,-0.1764
2026-06-26,6.4016,7.6607,2.1288,-0.1702
2026-06-27,6.447,7.5432,2.1288,-0.1643
2026-06-28,6.4758,7.5134,2.1288,-0.1606
2026-06-29,6.5291,7.6585,2.1639,-0.1537
2026-06-30,6.4804,7.5148,2.1808,-0.16
2026-07-01,6.469,7.7,2.1778,-0.1615
2026-07-02,6.4673,7.9547,2.1749,-0.1617
2026-07-03,6.3032,8.2759,2.1749,-0.1829
2026-07-04,6.2112,8.3719,2.1749,-0.1949
2026-07-05,6.2446,8.3831,2.1749,-0.1905
2026-07-06,6.2683,8.3527,2.1939,-0.1875
2026-07-08,6.3322,8.1522,2.1939,-0.1792
